category,table,rowKey,column,value,reason
"missing-user","AbpRoleClaims","025b129e-d037-453d-85a5-f6c5ec347706","RoleId","3a1e8563-a05e-3865-32a0-d4aec7dca80e","Legacy user reference could not be mapped"
"missing-user","AbpRoleClaims","035632a9-9e74-41ca-a02b-3c9add4dfb45","RoleId","3a1e8563-a05e-3865-32a0-d4aec7dca80e","Legacy user reference could not be mapped"
"missing-user","AbpRoleClaims","03e204dd-198a-4fe4-bf1f-db23bfee412a","RoleId","3a1e8563-a05e-3865-32a0-d4aec7dca80e","Legacy user reference could not be mapped"
"missing-user","AbpRoleClaims","0439760d-e3c2-4b34-8465-26f5294f7e19","RoleId","3a1e8563-a05e-3865-32a0-d4aec7dca80e","Legacy user reference could not be mapped"
"missing-user","AbpRoleClaims","04ab9913-df7c-42ad-9107-0fe43b8a05f2","RoleId","3a1e8563-a05e-3865-32a0-d4aec7dca80e","Legacy user reference could not be mapped"
"missing-user","AbpRoleClaims","06380181-3e29-4444-9b31-a374b3fb34e8","RoleId","3a1e8563-a05e-3865-32a0-d4aec7dca80e","Legacy user reference could not be mapped"
"missing-user","AbpRoleClaims","065cecd7-1279-4b73-b1fd-261c3eddca56","RoleId","3a1e8563-a05e-3865-32a0-d4aec7dca80e","Legacy user reference could not be mapped"
"missing-user","AbpRoleClaims","087ef39d-f2d7-43fa-a032-dab68523922e","RoleId","3a1e8563-a05e-3865-32a0-d4aec7dca80e","Legacy user reference could not be mapped"
"missing-user","AbpRoleClaims","0a1f61f7-744b-49d8-afec-2609a06025e3","RoleId","3a1e8563-a05e-3865-32a0-d4aec7dca80e","Legacy user reference could not be mapped"
"missing-user","AbpRoleClaims","0a215a30-d117-4e6b-b245-ee4e5c3d50bd","RoleId","3a1e8563-a05e-3865-32a0-d4aec7dca80e","Legacy user reference could not be mapped"
"missing-user","AbpRoleClaims","0ad28e74-34c3-4cd7-a286-1a8b83dfcac6","RoleId","3a1e8563-a05e-3865-32a0-d4aec7dca80e","Legacy user reference could not be mapped"
"missing-user","AbpRoleClaims","0aed959f-4f5a-4158-9988-d20515b00f2d","RoleId","3a1e8563-a05e-3865-32a0-d4aec7dca80e","Legacy user reference could not be mapped"
"missing-user","AbpRoleClaims","0b416fd6-c8e0-4624-9bb8-4712ce395596","RoleId","3a1e8563-a05e-3865-32a0-d4aec7dca80e","Legacy user reference could not be mapped"
"missing-user","AbpRoleClaims","0b8e00ce-235a-43b7-9462-a4a251e79c99","RoleId","3a1e8563-a05e-3865-32a0-d4aec7dca80e","Legacy user reference could not be mapped"
"missing-user","AbpRoleClaims","0c7dbed2-ae8b-43ec-90a3-654d88fe5239","RoleId","3a1e8563-a05e-3865-32a0-d4aec7dca80e","Legacy user reference could not be mapped"
"missing-user","AbpRoleClaims","0ea53958-faab-4f70-a5b6-daa50d2ad99a","RoleId","3a1e8563-a05e-3865-32a0-d4aec7dca80e","Legacy user reference could not be mapped"
"missing-user","AbpRoleClaims","0eebd952-4136-4482-a3c8-a0462ac62abc","RoleId","3a1e8563-a05e-3865-32a0-d4aec7dca80e","Legacy user reference could not be mapped"
"missing-user","AbpRoleClaims","0f963c18-898e-42a1-a4a7-08d042f2e134","RoleId","3a1e8563-a05e-3865-32a0-d4aec7dca80e","Legacy user reference could not be mapped"
"missing-user","AbpRoleClaims","110a583f-0316-4535-a451-dd13f892c181","RoleId","3a1e8563-a05e-3865-32a0-d4aec7dca80e","Legacy user reference could not be mapped"
"missing-user","AbpRoleClaims","11819ed9-26fa-47a0-992f-0620f0b6e53f","RoleId","3a1e8563-a05e-3865-32a0-d4aec7dca80e","Legacy user reference could not be mapped"
"missing-user","AbpRoleClaims","138564f9-2b92-4a81-b225-c64fa84cc1e0","RoleId","3a1e8563-a05e-3865-32a0-d4aec7dca80e","Legacy user reference could not be mapped"
"missing-user","AbpRoleClaims","13fdc061-3131-4208-9104-62db334560af","RoleId","3a1e8563-a05e-3865-32a0-d4aec7dca80e","Legacy user reference could not be mapped"
"missing-user","AbpRoleClaims","145652f5-00e8-4399-a1e9-59b2479b3bd9","RoleId","3a1e8563-a05e-3865-32a0-d4aec7dca80e","Legacy user reference could not be mapped"
"missing-user","AbpRoleClaims","15ccb339-aff8-4a7f-9ade-07ffd84d3aa3","RoleId","3a1e8563-a05e-3865-32a0-d4aec7dca80e","Legacy user reference could not be mapped"
"missing-user","AbpRoleClaims","1648f7c7-4691-4bc8-bee1-5b223aa591c8","RoleId","3a1e8563-a05e-3865-32a0-d4aec7dca80e","Legacy user reference could not be mapped"
"missing-user","AbpRoleClaims","16e32b12-34b2-4dfc-ba42-12ef41fbf43e","RoleId","3a1e8563-a05e-3865-32a0-d4aec7dca80e","Legacy user reference could not be mapped"
"missing-user","AbpRoleClaims","193a06f2-1d38-4c89-8340-48eb7db6b942","RoleId","3a1e8563-a05e-3865-32a0-d4aec7dca80e","Legacy user reference could not be mapped"
"missing-user","AbpRoleClaims","1c229db7-f923-4d9f-ab63-021fc068ef54","RoleId","3a1e8563-a05e-3865-32a0-d4aec7dca80e","Legacy user reference could not be mapped"
"missing-user","AbpRoleClaims","1e0ade64-8aef-40d9-ab04-76407cb1c907","RoleId","3a1e8563-a05e-3865-32a0-d4aec7dca80e","Legacy user reference could not be mapped"
"missing-user","AbpRoleClaims","2109eb66-c1d1-4b6d-98f8-fd87080f64c6","RoleId","3a1e8563-a05e-3865-32a0-d4aec7dca80e","Legacy user reference could not be mapped"
"missing-user","AbpRoleClaims","211db9c5-d8e7-4898-8bd1-0f0591732695","RoleId","3a1e8563-a05e-3865-32a0-d4aec7dca80e","Legacy user reference could not be mapped"
"missing-user","AbpRoleClaims","22ceccc3-e68a-4c05-a2ff-91f06350cf0e","RoleId","3a1e8563-a05e-3865-32a0-d4aec7dca80e","Legacy user reference could not be mapped"
"missing-user","AbpRoleClaims","27cc5306-76c4-43ba-bce5-0bac0121f9e7","RoleId","3a1e8563-a05e-3865-32a0-d4aec7dca80e","Legacy user reference could not be mapped"
"missing-user","AbpRoleClaims","289cf500-d515-495c-b049-139dc810f5c8","RoleId","3a1e8563-a05e-3865-32a0-d4aec7dca80e","Legacy user reference could not be mapped"
"missing-user","AbpRoleClaims","290a9b1f-9898-43ef-b302-397fe96e8e70","RoleId","3a1e8563-a05e-3865-32a0-d4aec7dca80e","Legacy user reference could not be mapped"
"missing-user","AbpRoleClaims","29bdcce4-d143-4df0-8e13-8100007d20b2","RoleId","3a1e8563-a05e-3865-32a0-d4aec7dca80e","Legacy user reference could not be mapped"
"missing-user","AbpRoleClaims","2b6a7bed-0deb-4973-9d1c-b5bae6a4fcc1","RoleId","3a1e8563-a05e-3865-32a0-d4aec7dca80e","Legacy user reference could not be mapped"
"missing-user","AbpRoleClaims","2b7dd3ef-0b73-4ae4-84e2-0a3d8d1d972a","RoleId","3a1e8563-a05e-3865-32a0-d4aec7dca80e","Legacy user reference could not be mapped"
"missing-user","AbpRoleClaims","2e20b246-9a61-4304-b2b6-f7450a0d671c","RoleId","3a1e8563-a05e-3865-32a0-d4aec7dca80e","Legacy user reference could not be mapped"
"missing-user","AbpRoleClaims","2f05ccc9-2f3d-466f-9d09-e851a7bcb0d5","RoleId","3a1e8563-a05e-3865-32a0-d4aec7dca80e","Legacy user reference could not be mapped"
"missing-user","AbpRoleClaims","2f165b34-47de-42a5-8460-80b2a50dc46f","RoleId","3a1e8563-a05e-3865-32a0-d4aec7dca80e","Legacy user reference could not be mapped"
"missing-user","AbpRoleClaims","2fe99e38-6306-4757-9c40-1d0399a24383","RoleId","3a1e8563-a05e-3865-32a0-d4aec7dca80e","Legacy user reference could not be mapped"
"missing-user","AbpRoleClaims","34d0d36e-f38e-4584-be8b-2afbbe68f142","RoleId","3a1e8563-a05e-3865-32a0-d4aec7dca80e","Legacy user reference could not be mapped"
"missing-user","AbpRoleClaims","3598d3c5-5653-492a-b9ff-b1a05d7f18ba","RoleId","3a1e8563-a05e-3865-32a0-d4aec7dca80e","Legacy user reference could not be mapped"
"missing-user","AbpRoleClaims","35eaa43c-a4fb-46f7-929a-e2d1c4ca2a89","RoleId","3a1e8563-a05e-3865-32a0-d4aec7dca80e","Legacy user reference could not be mapped"
"missing-user","AbpRoleClaims","3660f5f0-25ed-4c6a-80b2-2c8064b41eec","RoleId","3a1e8563-a05e-3865-32a0-d4aec7dca80e","Legacy user reference could not be mapped"
"missing-user","AbpRoleClaims","36f728bd-2b5c-4fef-a098-8f71a551200b","RoleId","3a1e8563-a05e-3865-32a0-d4aec7dca80e","Legacy user reference could not be mapped"
"missing-user","AbpRoleClaims","37e207bf-0cd7-4e3a-8d0f-cd39c191f7f9","RoleId","3a1e8563-a05e-3865-32a0-d4aec7dca80e","Legacy user reference could not be mapped"
"missing-user","AbpRoleClaims","3908cb32-1d85-4392-89d3-8a8b0a8c7545","RoleId","3a1e8563-a05e-3865-32a0-d4aec7dca80e","Legacy user reference could not be mapped"
"missing-user","AbpRoleClaims","3910a27e-7e8f-4d3a-b456-b5547a4d9cd4","RoleId","3a1e8563-a05e-3865-32a0-d4aec7dca80e","Legacy user reference could not be mapped"
"missing-user","AbpRoleClaims","3c011521-b696-425d-bc01-fa912b283403","RoleId","3a1e8563-a05e-3865-32a0-d4aec7dca80e","Legacy user reference could not be mapped"
"missing-user","AbpRoleClaims","3d6848c4-3686-4440-bc00-bf0d02623fc4","RoleId","3a1e8563-a05e-3865-32a0-d4aec7dca80e","Legacy user reference could not be mapped"
"missing-user","AbpRoleClaims","3da0b7a5-8a2f-4454-8552-7d2d05bef3cd","RoleId","3a1e8563-a05e-3865-32a0-d4aec7dca80e","Legacy user reference could not be mapped"
"missing-user","AbpRoleClaims","3e276242-62ed-4efb-8f5c-c3d4569f6dd4","RoleId","3a1e8563-a05e-3865-32a0-d4aec7dca80e","Legacy user reference could not be mapped"
"missing-user","AbpRoleClaims","3f6a3f6d-740b-437e-9b4d-128534cfa08c","RoleId","3a1e8563-a05e-3865-32a0-d4aec7dca80e","Legacy user reference could not be mapped"
"missing-user","AbpRoleClaims","4184526e-76a2-4160-bda3-b823b0434c6e","RoleId","3a1e8563-a05e-3865-32a0-d4aec7dca80e","Legacy user reference could not be mapped"
"missing-user","AbpRoleClaims","43d8b27f-c200-4316-8256-16fc0e7d9cb8","RoleId","3a1e8563-a05e-3865-32a0-d4aec7dca80e","Legacy user reference could not be mapped"
"missing-user","AbpRoleClaims","4449e1cd-b4e0-4ca7-a520-a116406af91f","RoleId","3a1e8563-a05e-3865-32a0-d4aec7dca80e","Legacy user reference could not be mapped"
"missing-user","AbpRoleClaims","45744ea1-96d3-409f-aa5d-bfe4f4d5b908","RoleId","3a1e8563-a05e-3865-32a0-d4aec7dca80e","Legacy user reference could not be mapped"
"missing-user","AbpRoleClaims","4682ac54-c4d6-46f6-85f5-c662f5d4919c","RoleId","3a1e8563-a05e-3865-32a0-d4aec7dca80e","Legacy user reference could not be mapped"
"missing-user","AbpRoleClaims","4851b39b-2903-4131-8de0-bec735a79f72","RoleId","3a1e8563-a05e-3865-32a0-d4aec7dca80e","Legacy user reference could not be mapped"
"missing-user","AbpRoleClaims","48df5a0e-5807-4352-85ad-6bb4aa5a08b1","RoleId","3a1e8563-a05e-3865-32a0-d4aec7dca80e","Legacy user reference could not be mapped"
"missing-user","AbpRoleClaims","4ac5ebfc-eea9-4b85-8a98-56d90991b9b4","RoleId","3a1e8563-a05e-3865-32a0-d4aec7dca80e","Legacy user reference could not be mapped"
"missing-user","AbpRoleClaims","4b68823f-8ad6-4260-9f88-b323651be9ad","RoleId","3a1e8563-a05e-3865-32a0-d4aec7dca80e","Legacy user reference could not be mapped"
"missing-user","AbpRoleClaims","4d17093c-1a08-48a5-b7ae-4ba7109c8375","RoleId","3a1e8563-a05e-3865-32a0-d4aec7dca80e","Legacy user reference could not be mapped"
"missing-user","AbpRoleClaims","4ed33b36-beef-4d34-971c-3e333eb72f54","RoleId","3a1e8563-a05e-3865-32a0-d4aec7dca80e","Legacy user reference could not be mapped"
"missing-user","AbpRoleClaims","4f83a5f3-4e75-4f24-8870-32e7092da5bf","RoleId","3a1e8563-a05e-3865-32a0-d4aec7dca80e","Legacy user reference could not be mapped"
"missing-user","AbpRoleClaims","54bc9968-63fa-4d37-a437-6c782804cf87","RoleId","3a1e8563-a05e-3865-32a0-d4aec7dca80e","Legacy user reference could not be mapped"
"missing-user","AbpRoleClaims","55458be1-306e-4fd5-9e4e-cb66d7f4b458","RoleId","3a1e8563-a05e-3865-32a0-d4aec7dca80e","Legacy user reference could not be mapped"
"missing-user","AbpRoleClaims","576a9637-c05b-4bcb-a227-61816752189c","RoleId","3a1e8563-a05e-3865-32a0-d4aec7dca80e","Legacy user reference could not be mapped"
"missing-user","AbpRoleClaims","57cc1a7d-ece7-4944-b471-13a83585eab6","RoleId","3a1e8563-a05e-3865-32a0-d4aec7dca80e","Legacy user reference could not be mapped"
"missing-user","AbpRoleClaims","57d6ffb3-017c-486f-8796-c4e2a5239699","RoleId","3a1e8563-a05e-3865-32a0-d4aec7dca80e","Legacy user reference could not be mapped"
"missing-user","AbpRoleClaims","5a54ec12-ff18-489f-8769-aa24019d2eb3","RoleId","3a1e8563-a05e-3865-32a0-d4aec7dca80e","Legacy user reference could not be mapped"
"missing-user","AbpRoleClaims","5a8def73-6ede-471f-aa2a-20f3c9c6a0d6","RoleId","3a1e8563-a05e-3865-32a0-d4aec7dca80e","Legacy user reference could not be mapped"
"missing-user","AbpRoleClaims","5c5f60f0-1ced-4a66-be40-4bd50ea99748","RoleId","3a1e8563-a05e-3865-32a0-d4aec7dca80e","Legacy user reference could not be mapped"
"missing-user","AbpRoleClaims","5cce7380-3903-4539-93ea-810d0bb3a5b3","RoleId","3a1e8563-a05e-3865-32a0-d4aec7dca80e","Legacy user reference could not be mapped"
"missing-user","AbpRoleClaims","6081a2e2-99d1-45f5-a5aa-fbd253cb4c4b","RoleId","3a1e8563-a05e-3865-32a0-d4aec7dca80e","Legacy user reference could not be mapped"
"missing-user","AbpRoleClaims","6257635c-d1ba-4313-9954-f96fb778516d","RoleId","3a1e8563-a05e-3865-32a0-d4aec7dca80e","Legacy user reference could not be mapped"
"missing-user","AbpRoleClaims","627260c4-d3c2-4e91-bd74-3c94678587d4","RoleId","3a1e8563-a05e-3865-32a0-d4aec7dca80e","Legacy user reference could not be mapped"
"missing-user","AbpRoleClaims","68b77506-5bb3-44b2-9c85-ec3c2986b7ed","RoleId","3a1e8563-a05e-3865-32a0-d4aec7dca80e","Legacy user reference could not be mapped"
"missing-user","AbpRoleClaims","6a3450a3-207d-4062-9d2d-0b6f4915fd3c","RoleId","3a1e8563-a05e-3865-32a0-d4aec7dca80e","Legacy user reference could not be mapped"
"missing-user","AbpRoleClaims","6a5b0c79-8cb5-4344-a41c-e555c89e7b22","RoleId","3a1e8563-a05e-3865-32a0-d4aec7dca80e","Legacy user reference could not be mapped"
"missing-user","AbpRoleClaims","6ae481b1-f657-4ac7-89af-a36aeac103eb","RoleId","3a1e8563-a05e-3865-32a0-d4aec7dca80e","Legacy user reference could not be mapped"
"missing-user","AbpRoleClaims","6b86e605-9faa-4c43-ab0e-105409cbf23a","RoleId","3a1e8563-a05e-3865-32a0-d4aec7dca80e","Legacy user reference could not be mapped"
"missing-user","AbpRoleClaims","6d821b58-ef93-4359-a03d-7c50c040949a","RoleId","3a1e8563-a05e-3865-32a0-d4aec7dca80e","Legacy user reference could not be mapped"
"missing-user","AbpRoleClaims","6db70ed7-b025-4deb-8ae0-93f5ed3385c0","RoleId","3a1e8563-a05e-3865-32a0-d4aec7dca80e","Legacy user reference could not be mapped"
"missing-user","AbpRoleClaims","6ec48eaf-4354-42b4-a389-ccf330f19693","RoleId","3a1e8563-a05e-3865-32a0-d4aec7dca80e","Legacy user reference could not be mapped"
"missing-user","AbpRoleClaims","6f146c14-d327-4b10-9406-5facb558d290","RoleId","3a1e8563-a05e-3865-32a0-d4aec7dca80e","Legacy user reference could not be mapped"
"missing-user","AbpRoleClaims","6f92d403-5c81-4017-971e-61bbdcfa22f1","RoleId","3a1e8563-a05e-3865-32a0-d4aec7dca80e","Legacy user reference could not be mapped"
"missing-user","AbpRoleClaims","701266a9-069d-4ab7-ba1e-7bc166c9b01c","RoleId","3a1e8563-a05e-3865-32a0-d4aec7dca80e","Legacy user reference could not be mapped"
"missing-user","AbpRoleClaims","70eb9b67-9b6e-4384-8fa4-33686bd3a936","RoleId","3a1e8563-a05e-3865-32a0-d4aec7dca80e","Legacy user reference could not be mapped"
"missing-user","AbpRoleClaims","71baad53-1680-4f5f-9742-ec5fb3a31281","RoleId","3a1e8563-a05e-3865-32a0-d4aec7dca80e","Legacy user reference could not be mapped"
"missing-user","AbpRoleClaims","72325c6b-25e8-45f1-b621-95329a00a8ab","RoleId","3a1e8563-a05e-3865-32a0-d4aec7dca80e","Legacy user reference could not be mapped"
"missing-user","AbpRoleClaims","72a0449b-f43a-465f-bbd1-406bb1f5f727","RoleId","3a1e8563-a05e-3865-32a0-d4aec7dca80e","Legacy user reference could not be mapped"
"missing-user","AbpRoleClaims","730bd7e9-f528-4de2-8d0c-7046c90544a1","RoleId","3a1e8563-a05e-3865-32a0-d4aec7dca80e","Legacy user reference could not be mapped"
"missing-user","AbpRoleClaims","734f4475-6925-4dd9-a404-e8f9e4f885ad","RoleId","3a1e8563-a05e-3865-32a0-d4aec7dca80e","Legacy user reference could not be mapped"
"missing-user","AbpRoleClaims","735a3661-fb6a-43f8-a646-daba8e11c70f","RoleId","3a1e8563-a05e-3865-32a0-d4aec7dca80e","Legacy user reference could not be mapped"
"missing-user","AbpRoleClaims","73c0c32c-59b0-4b72-8e17-08bfa83aeb37","RoleId","3a1e8563-a05e-3865-32a0-d4aec7dca80e","Legacy user reference could not be mapped"
"missing-user","AbpRoleClaims","74801153-81d6-48fe-b896-4a45594624fa","RoleId","3a1e8563-a05e-3865-32a0-d4aec7dca80e","Legacy user reference could not be mapped"
"missing-user","AbpRoleClaims","75eae9f0-d0e8-4817-83a2-69a7155f4fa5","RoleId","3a1e8563-a05e-3865-32a0-d4aec7dca80e","Legacy user reference could not be mapped"
"missing-user","AbpRoleClaims","75fed109-b306-4588-86bc-e10a657759f5","RoleId","3a1e8563-a05e-3865-32a0-d4aec7dca80e","Legacy user reference could not be mapped"
"missing-user","AbpRoleClaims","763faa4b-22e8-45fc-b10a-90faccd66ecc","RoleId","3a1e8563-a05e-3865-32a0-d4aec7dca80e","Legacy user reference could not be mapped"
"missing-user","AbpRoleClaims","77b97ea5-44db-4895-b037-b597b20fcf52","RoleId","3a1e8563-a05e-3865-32a0-d4aec7dca80e","Legacy user reference could not be mapped"
"missing-user","AbpRoleClaims","79062542-472e-4240-90b7-8628a3335cef","RoleId","3a1e8563-a05e-3865-32a0-d4aec7dca80e","Legacy user reference could not be mapped"
"missing-user","AbpRoleClaims","7961365f-4151-4e4c-9c55-f12d280f5d02","RoleId","3a1e8563-a05e-3865-32a0-d4aec7dca80e","Legacy user reference could not be mapped"
"missing-user","AbpRoleClaims","7af905b1-9b9d-4202-9db2-139a642fd597","RoleId","3a1e8563-a05e-3865-32a0-d4aec7dca80e","Legacy user reference could not be mapped"
"missing-user","AbpRoleClaims","7b713c7e-9778-40f7-a6b9-eb701516f4d2","RoleId","3a1e8563-a05e-3865-32a0-d4aec7dca80e","Legacy user reference could not be mapped"
"missing-user","AbpRoleClaims","80d06a5c-be97-4443-982f-dab13d06ea02","RoleId","3a1e8563-a05e-3865-32a0-d4aec7dca80e","Legacy user reference could not be mapped"
"missing-user","AbpRoleClaims","81409e8d-04b4-4aec-8816-92328936f129","RoleId","3a1e8563-a05e-3865-32a0-d4aec7dca80e","Legacy user reference could not be mapped"
"missing-user","AbpRoleClaims","822c1279-5e00-465a-8210-91fdfc4196c0","RoleId","3a1e8563-a05e-3865-32a0-d4aec7dca80e","Legacy user reference could not be mapped"
"missing-user","AbpRoleClaims","8261cd7c-c189-4954-836a-78459f472616","RoleId","3a1e8563-a05e-3865-32a0-d4aec7dca80e","Legacy user reference could not be mapped"
"missing-user","AbpRoleClaims","8281ed19-0951-4c1f-99bc-a4837890dc66","RoleId","3a1e8563-a05e-3865-32a0-d4aec7dca80e","Legacy user reference could not be mapped"
"missing-user","AbpRoleClaims","83d32e4a-c29d-4557-b9df-eec9f7c6c60e","RoleId","3a1e8563-a05e-3865-32a0-d4aec7dca80e","Legacy user reference could not be mapped"
"missing-user","AbpRoleClaims","860e3737-487b-4167-b032-a0e13193fd86","RoleId","3a1e8563-a05e-3865-32a0-d4aec7dca80e","Legacy user reference could not be mapped"
"missing-user","AbpRoleClaims","862bc134-3ab7-402a-9946-d1edbd338672","RoleId","3a1e8563-a05e-3865-32a0-d4aec7dca80e","Legacy user reference could not be mapped"
"missing-user","AbpRoleClaims","8780708c-f1fc-4779-9f09-053cc5183f33","RoleId","3a1e8563-a05e-3865-32a0-d4aec7dca80e","Legacy user reference could not be mapped"
"missing-user","AbpRoleClaims","89284a5b-6056-428d-b3ad-1848bfb4246c","RoleId","3a1e8563-a05e-3865-32a0-d4aec7dca80e","Legacy user reference could not be mapped"
"missing-user","AbpRoleClaims","89f0f5d0-4b01-4f3d-a893-325aa21365e7","RoleId","3a1e8563-a05e-3865-32a0-d4aec7dca80e","Legacy user reference could not be mapped"
"missing-user","AbpRoleClaims","8baf5e2f-a6b4-4180-8bd9-62b397d5aa56","RoleId","3a1e8563-a05e-3865-32a0-d4aec7dca80e","Legacy user reference could not be mapped"
"missing-user","AbpRoleClaims","8e04d624-fd78-452a-a1f0-f5b2e3d2d645","RoleId","3a1e8563-a05e-3865-32a0-d4aec7dca80e","Legacy user reference could not be mapped"
"missing-user","AbpRoleClaims","8f6557bb-84b1-4c8d-af63-ddbffa649fdc","RoleId","3a1e8563-a05e-3865-32a0-d4aec7dca80e","Legacy user reference could not be mapped"
"missing-user","AbpRoleClaims","90d92a6b-41e2-4c97-805b-2a6404c39a4a","RoleId","3a1e8563-a05e-3865-32a0-d4aec7dca80e","Legacy user reference could not be mapped"
"missing-user","AbpRoleClaims","913fb27d-6895-4fd0-8c53-5b18ad43f7b6","RoleId","3a1e8563-a05e-3865-32a0-d4aec7dca80e","Legacy user reference could not be mapped"
"missing-user","AbpRoleClaims","918f5350-77d0-492f-b479-acba418878c7","RoleId","3a1e8563-a05e-3865-32a0-d4aec7dca80e","Legacy user reference could not be mapped"
"missing-user","AbpRoleClaims","93179efa-f156-4bba-9770-52791c6231cf","RoleId","3a1e8563-a05e-3865-32a0-d4aec7dca80e","Legacy user reference could not be mapped"
"missing-user","AbpRoleClaims","94646233-bc22-4f61-8db8-6c1895ca187a","RoleId","3a1e8563-a05e-3865-32a0-d4aec7dca80e","Legacy user reference could not be mapped"
"missing-user","AbpRoleClaims","966873de-527a-401c-8c36-c6b353809dc8","RoleId","3a1e8563-a05e-3865-32a0-d4aec7dca80e","Legacy user reference could not be mapped"
"missing-user","AbpRoleClaims","9675a59d-34c5-45d8-8705-5af0574d2623","RoleId","3a1e8563-a05e-3865-32a0-d4aec7dca80e","Legacy user reference could not be mapped"
"missing-user","AbpRoleClaims","968fd500-9a72-4a73-a931-1d906e1359f1","RoleId","3a1e8563-a05e-3865-32a0-d4aec7dca80e","Legacy user reference could not be mapped"
"missing-user","AbpRoleClaims","9781b5d9-c0ea-4cd4-afcc-c29b909446ad","RoleId","3a1e8563-a05e-3865-32a0-d4aec7dca80e","Legacy user reference could not be mapped"
"missing-user","AbpRoleClaims","9828e60e-5e3d-4bd2-8410-e5a4962b1667","RoleId","3a1e8563-a05e-3865-32a0-d4aec7dca80e","Legacy user reference could not be mapped"
"missing-user","AbpRoleClaims","99d9a78b-f2db-4e9c-be5a-55d639cf5df5","RoleId","3a1e8563-a05e-3865-32a0-d4aec7dca80e","Legacy user reference could not be mapped"
"missing-user","AbpRoleClaims","99e73786-ca81-4205-8838-7bf6cf58358b","RoleId","3a1e8563-a05e-3865-32a0-d4aec7dca80e","Legacy user reference could not be mapped"
"missing-user","AbpRoleClaims","99fa54ea-d9a6-4552-a170-49ceb232e0a9","RoleId","3a1e8563-a05e-3865-32a0-d4aec7dca80e","Legacy user reference could not be mapped"
"missing-user","AbpRoleClaims","9c529686-bc66-4d72-b6d6-564fc24557c0","RoleId","3a1e8563-a05e-3865-32a0-d4aec7dca80e","Legacy user reference could not be mapped"
"missing-user","AbpRoleClaims","9c8a9c90-5786-4776-9217-7b227cd601b5","RoleId","3a1e8563-a05e-3865-32a0-d4aec7dca80e","Legacy user reference could not be mapped"
"missing-user","AbpRoleClaims","9d21c83d-5bf4-4151-a0b1-deb11b6e9c20","RoleId","3a1e8563-a05e-3865-32a0-d4aec7dca80e","Legacy user reference could not be mapped"
"missing-user","AbpRoleClaims","9f89a621-3c71-46f5-83f0-25929869f3bb","RoleId","3a1e8563-a05e-3865-32a0-d4aec7dca80e","Legacy user reference could not be mapped"
"missing-user","AbpRoleClaims","a000489b-ab0b-41b5-baa8-e38305dab5f4","RoleId","3a1e8563-a05e-3865-32a0-d4aec7dca80e","Legacy user reference could not be mapped"
"missing-user","AbpRoleClaims","a0ec6afb-6733-4a1b-bc65-e99ae00c15f1","RoleId","3a1e8563-a05e-3865-32a0-d4aec7dca80e","Legacy user reference could not be mapped"
"missing-user","AbpRoleClaims","a21c010e-3535-4dec-8d34-5863e4c0d5a3","RoleId","3a1e8563-a05e-3865-32a0-d4aec7dca80e","Legacy user reference could not be mapped"
"missing-user","AbpRoleClaims","a2e5aa28-6fc8-4161-96bb-9ce65257606a","RoleId","3a1e8563-a05e-3865-32a0-d4aec7dca80e","Legacy user reference could not be mapped"
"missing-user","AbpRoleClaims","a2edcc32-c99c-40ee-b952-d02d86bb79d4","RoleId","3a1e8563-a05e-3865-32a0-d4aec7dca80e","Legacy user reference could not be mapped"
"missing-user","AbpRoleClaims","a4ed3633-0a72-4df0-9eea-eade8f64800f","RoleId","3a1e8563-a05e-3865-32a0-d4aec7dca80e","Legacy user reference could not be mapped"
"missing-user","AbpRoleClaims","a4f25bd6-8595-4311-a5ae-b874476a98ac","RoleId","3a1e8563-a05e-3865-32a0-d4aec7dca80e","Legacy user reference could not be mapped"
"missing-user","AbpRoleClaims","a68f179c-6b51-4c78-ae15-7f02c3bd8589","RoleId","3a1e8563-a05e-3865-32a0-d4aec7dca80e","Legacy user reference could not be mapped"
"missing-user","AbpRoleClaims","a6c70977-df2c-4341-a2fe-7fec921ff536","RoleId","3a1e8563-a05e-3865-32a0-d4aec7dca80e","Legacy user reference could not be mapped"
"missing-user","AbpRoleClaims","a7f14c09-d693-4101-bb46-31980a526f5d","RoleId","3a1e8563-a05e-3865-32a0-d4aec7dca80e","Legacy user reference could not be mapped"
"missing-user","AbpRoleClaims","a806068c-aee7-4df6-a36d-6adf6e8d820d","RoleId","3a1e8563-a05e-3865-32a0-d4aec7dca80e","Legacy user reference could not be mapped"
"missing-user","AbpRoleClaims","a8e550d9-8c19-40ef-8e42-56d1e6946f07","RoleId","3a1e8563-a05e-3865-32a0-d4aec7dca80e","Legacy user reference could not be mapped"
"missing-user","AbpRoleClaims","a96a967a-313f-460d-a51b-053dc382502e","RoleId","3a1e8563-a05e-3865-32a0-d4aec7dca80e","Legacy user reference could not be mapped"
"missing-user","AbpRoleClaims","a9cdc901-16e1-4981-955e-46032774f771","RoleId","3a1e8563-a05e-3865-32a0-d4aec7dca80e","Legacy user reference could not be mapped"
"missing-user","AbpRoleClaims","aa3bfcbd-fb7a-456b-b9f9-6c1b8e7e3aaa","RoleId","3a1e8563-a05e-3865-32a0-d4aec7dca80e","Legacy user reference could not be mapped"
"missing-user","AbpRoleClaims","ad2471cd-6fb4-4d57-a90b-5ea2e6a084d4","RoleId","3a1e8563-a05e-3865-32a0-d4aec7dca80e","Legacy user reference could not be mapped"
"missing-user","AbpRoleClaims","adae0ba4-c562-42e3-b13d-6533058f4f12","RoleId","3a1e8563-a05e-3865-32a0-d4aec7dca80e","Legacy user reference could not be mapped"
"missing-user","AbpRoleClaims","af145f98-e702-413d-8ee5-7bc8689134a9","RoleId","3a1e8563-a05e-3865-32a0-d4aec7dca80e","Legacy user reference could not be mapped"
"missing-user","AbpRoleClaims","afc52121-2831-4e97-9341-d097e3dac8a6","RoleId","3a1e8563-a05e-3865-32a0-d4aec7dca80e","Legacy user reference could not be mapped"
"missing-user","AbpRoleClaims","afec542c-02fc-4d1a-bbab-7ffb452c34c8","RoleId","3a1e8563-a05e-3865-32a0-d4aec7dca80e","Legacy user reference could not be mapped"
"missing-user","AbpRoleClaims","b0613d31-e2a5-4721-8f99-a029bf7667da","RoleId","3a1e8563-a05e-3865-32a0-d4aec7dca80e","Legacy user reference could not be mapped"
"missing-user","AbpRoleClaims","b14a9f6b-24b5-4c24-9f87-a3cc8f727a70","RoleId","3a1e8563-a05e-3865-32a0-d4aec7dca80e","Legacy user reference could not be mapped"
"missing-user","AbpRoleClaims","b1688657-96fb-4e2b-9801-d0478e9b9c9f","RoleId","3a1e8563-a05e-3865-32a0-d4aec7dca80e","Legacy user reference could not be mapped"
"missing-user","AbpRoleClaims","b2ec261d-9cac-477d-813d-76f5be488490","RoleId","3a1e8563-a05e-3865-32a0-d4aec7dca80e","Legacy user reference could not be mapped"
"missing-user","AbpRoleClaims","b47b7e41-b5f0-4ede-ac01-3322cf67d3e3","RoleId","3a1e8563-a05e-3865-32a0-d4aec7dca80e","Legacy user reference could not be mapped"
"missing-user","AbpRoleClaims","b4beb2ff-93c5-460c-ac15-d1423bdba433","RoleId","3a1e8563-a05e-3865-32a0-d4aec7dca80e","Legacy user reference could not be mapped"
"missing-user","AbpRoleClaims","b54b8359-924d-449b-8a9e-157736cc690c","RoleId","3a1e8563-a05e-3865-32a0-d4aec7dca80e","Legacy user reference could not be mapped"
"missing-user","AbpRoleClaims","b6a482c8-8edd-4764-8f8c-b3c02e80d4ba","RoleId","3a1e8563-a05e-3865-32a0-d4aec7dca80e","Legacy user reference could not be mapped"
"missing-user","AbpRoleClaims","b71d55b7-3460-436c-9e23-0f889936f6a3","RoleId","3a1e8563-a05e-3865-32a0-d4aec7dca80e","Legacy user reference could not be mapped"
"missing-user","AbpRoleClaims","b771f569-dfad-4308-bb4f-ebe479591f51","RoleId","3a1e8563-a05e-3865-32a0-d4aec7dca80e","Legacy user reference could not be mapped"
"missing-user","AbpRoleClaims","b821f4d9-cd0a-4356-b72e-66ab60439da8","RoleId","3a1e8563-a05e-3865-32a0-d4aec7dca80e","Legacy user reference could not be mapped"
"missing-user","AbpRoleClaims","b83ec0de-8a62-45a7-a96f-f4605981139a","RoleId","3a1e8563-a05e-3865-32a0-d4aec7dca80e","Legacy user reference could not be mapped"
"missing-user","AbpRoleClaims","b8cbc663-8a76-43dd-985e-2e7f6618dcc1","RoleId","3a1e8563-a05e-3865-32a0-d4aec7dca80e","Legacy user reference could not be mapped"
"missing-user","AbpRoleClaims","b8dddb6c-e06f-4f53-8fa9-13c4eb6f5291","RoleId","3a1e8563-a05e-3865-32a0-d4aec7dca80e","Legacy user reference could not be mapped"
"missing-user","AbpRoleClaims","b9e6e809-5b67-4fe1-bdc3-9ac738d5c976","RoleId","3a1e8563-a05e-3865-32a0-d4aec7dca80e","Legacy user reference could not be mapped"
"missing-user","AbpRoleClaims","ba83e234-82a3-4039-94ba-1eca6ebe2d63","RoleId","3a1e8563-a05e-3865-32a0-d4aec7dca80e","Legacy user reference could not be mapped"
"missing-user","AbpRoleClaims","bbba82c4-6edc-436b-aefa-38bd66bd91e4","RoleId","3a1e8563-a05e-3865-32a0-d4aec7dca80e","Legacy user reference could not be mapped"
"missing-user","AbpRoleClaims","bc78b9e3-2259-468b-95ae-53a4f8551a77","RoleId","3a1e8563-a05e-3865-32a0-d4aec7dca80e","Legacy user reference could not be mapped"
"missing-user","AbpRoleClaims","bd303bd7-102e-4d7c-83ab-ae3047331446","RoleId","3a1e8563-a05e-3865-32a0-d4aec7dca80e","Legacy user reference could not be mapped"
"missing-user","AbpRoleClaims","beb3fffb-2b26-40fb-908a-73e18007202a","RoleId","3a1e8563-a05e-3865-32a0-d4aec7dca80e","Legacy user reference could not be mapped"
"missing-user","AbpRoleClaims","bf534324-4bbc-49fc-910c-91751cda4768","RoleId","3a1e8563-a05e-3865-32a0-d4aec7dca80e","Legacy user reference could not be mapped"
"missing-user","AbpRoleClaims","c19cabc1-21b7-42be-919c-14fc0665e433","RoleId","3a1e8563-a05e-3865-32a0-d4aec7dca80e","Legacy user reference could not be mapped"
"missing-user","AbpRoleClaims","c28c044d-711d-4deb-8fd8-ac99756112af","RoleId","3a1e8563-a05e-3865-32a0-d4aec7dca80e","Legacy user reference could not be mapped"
"missing-user","AbpRoleClaims","c36e7a8b-399a-4a66-8735-2de43b7d6a78","RoleId","3a1e8563-a05e-3865-32a0-d4aec7dca80e","Legacy user reference could not be mapped"
"missing-user","AbpRoleClaims","c3e78daa-3d13-41e2-ab58-a94077ba2734","RoleId","3a1e8563-a05e-3865-32a0-d4aec7dca80e","Legacy user reference could not be mapped"
"missing-user","AbpRoleClaims","c40a7875-d720-43c5-8620-ce4bb896b8f7","RoleId","3a1e8563-a05e-3865-32a0-d4aec7dca80e","Legacy user reference could not be mapped"
"missing-user","AbpRoleClaims","c4d05fa1-21fe-49e5-a403-b8ad27fbed49","RoleId","3a1e8563-a05e-3865-32a0-d4aec7dca80e","Legacy user reference could not be mapped"
"missing-user","AbpRoleClaims","c617e0be-23dc-4a11-b3d9-1b5456c102c8","RoleId","3a1e8563-a05e-3865-32a0-d4aec7dca80e","Legacy user reference could not be mapped"
"missing-user","AbpRoleClaims","c6312117-e5ea-4531-98e0-e55e69ae3927","RoleId","3a1e8563-a05e-3865-32a0-d4aec7dca80e","Legacy user reference could not be mapped"
"missing-user","AbpRoleClaims","c84757f1-8b04-4b7e-9b3c-de16af3d9d8e","RoleId","3a1e8563-a05e-3865-32a0-d4aec7dca80e","Legacy user reference could not be mapped"
"missing-user","AbpRoleClaims","c8d0c97c-2b80-4a6f-9f38-34c23a046856","RoleId","3a1e8563-a05e-3865-32a0-d4aec7dca80e","Legacy user reference could not be mapped"
"missing-user","AbpRoleClaims","c8d403ef-b187-439a-82c5-6c65f55439b1","RoleId","3a1e8563-a05e-3865-32a0-d4aec7dca80e","Legacy user reference could not be mapped"
"missing-user","AbpRoleClaims","c9012480-3131-49db-a42a-94cd457018d2","RoleId","3a1e8563-a05e-3865-32a0-d4aec7dca80e","Legacy user reference could not be mapped"
"missing-user","AbpRoleClaims","cb9623da-900a-467e-80f2-ef869c223452","RoleId","3a1e8563-a05e-3865-32a0-d4aec7dca80e","Legacy user reference could not be mapped"
"missing-user","AbpRoleClaims","cb9c016c-6fe4-43b0-bcdf-ca32158b42ee","RoleId","3a1e8563-a05e-3865-32a0-d4aec7dca80e","Legacy user reference could not be mapped"
"missing-user","AbpRoleClaims","cec959fc-7ba0-41a1-9b39-b86ebc500d49","RoleId","3a1e8563-a05e-3865-32a0-d4aec7dca80e","Legacy user reference could not be mapped"
"missing-user","AbpRoleClaims","cf5f38f4-a324-4876-a7b2-78c6c8f9c763","RoleId","3a1e8563-a05e-3865-32a0-d4aec7dca80e","Legacy user reference could not be mapped"
"missing-user","AbpRoleClaims","d1f1458e-cd21-4541-945e-eaac85e40c19","RoleId","3a1e8563-a05e-3865-32a0-d4aec7dca80e","Legacy user reference could not be mapped"
"missing-user","AbpRoleClaims","d21a7c3d-064a-4947-930b-ed5b9d40f4ae","RoleId","3a1e8563-a05e-3865-32a0-d4aec7dca80e","Legacy user reference could not be mapped"
"missing-user","AbpRoleClaims","d34c3e6d-90c2-44c1-86d2-8b2f19e493ab","RoleId","3a1e8563-a05e-3865-32a0-d4aec7dca80e","Legacy user reference could not be mapped"
"missing-user","AbpRoleClaims","d3acfc27-26bd-41b8-9312-b8bbf2084e97","RoleId","3a1e8563-a05e-3865-32a0-d4aec7dca80e","Legacy user reference could not be mapped"
"missing-user","AbpRoleClaims","d3fad053-da6d-411b-81f7-a202e9c7a721","RoleId","3a1e8563-a05e-3865-32a0-d4aec7dca80e","Legacy user reference could not be mapped"
"missing-user","AbpRoleClaims","d4908edf-0ef1-4294-8061-a2da8a9dbf6a","RoleId","3a1e8563-a05e-3865-32a0-d4aec7dca80e","Legacy user reference could not be mapped"
"missing-user","AbpRoleClaims","d4c263b2-a274-4fe5-8973-0fbcfeb5536e","RoleId","3a1e8563-a05e-3865-32a0-d4aec7dca80e","Legacy user reference could not be mapped"
"missing-user","AbpRoleClaims","d5390df5-0938-4070-8b25-b6dabded9a13","RoleId","3a1e8563-a05e-3865-32a0-d4aec7dca80e","Legacy user reference could not be mapped"
"missing-user","AbpRoleClaims","d5b15bf6-7c77-4c47-b48b-7ce77ce809b8","RoleId","3a1e8563-a05e-3865-32a0-d4aec7dca80e","Legacy user reference could not be mapped"
"missing-user","AbpRoleClaims","d6200f05-b382-43f1-9f9a-9633295035e1","RoleId","3a1e8563-a05e-3865-32a0-d4aec7dca80e","Legacy user reference could not be mapped"
"missing-user","AbpRoleClaims","d72c8d5c-0138-47c6-bdb3-681e64d13601","RoleId","3a1e8563-a05e-3865-32a0-d4aec7dca80e","Legacy user reference could not be mapped"
"missing-user","AbpRoleClaims","d95a0cbb-389c-4a46-94c1-9e30663d5077","RoleId","3a1e8563-a05e-3865-32a0-d4aec7dca80e","Legacy user reference could not be mapped"
"missing-user","AbpRoleClaims","d972dc47-6772-40fd-a836-3ce184301d2c","RoleId","3a1e8563-a05e-3865-32a0-d4aec7dca80e","Legacy user reference could not be mapped"
"missing-user","AbpRoleClaims","d979a5a2-c34a-475a-adee-a47bc88dcbdb","RoleId","3a1e8563-a05e-3865-32a0-d4aec7dca80e","Legacy user reference could not be mapped"
"missing-user","AbpRoleClaims","d9d13032-1701-46ff-a940-5a111f4d025c","RoleId","3a1e8563-a05e-3865-32a0-d4aec7dca80e","Legacy user reference could not be mapped"
"missing-user","AbpRoleClaims","d9e005fc-f65b-411d-a175-097e94d53d24","RoleId","3a1e8563-a05e-3865-32a0-d4aec7dca80e","Legacy user reference could not be mapped"
"missing-user","AbpRoleClaims","da15269f-729e-4441-b932-488080aaa25e","RoleId","3a1e8563-a05e-3865-32a0-d4aec7dca80e","Legacy user reference could not be mapped"
"missing-user","AbpRoleClaims","dc33b893-74d9-4536-a8c7-f064eace299a","RoleId","3a1e8563-a05e-3865-32a0-d4aec7dca80e","Legacy user reference could not be mapped"
"missing-user","AbpRoleClaims","ddb8d5bd-ebb7-4834-b76d-feb0c7755c96","RoleId","3a1e8563-a05e-3865-32a0-d4aec7dca80e","Legacy user reference could not be mapped"
"missing-user","AbpRoleClaims","de5e7d74-a02c-4665-83fe-b08c0ac72d4a","RoleId","3a1e8563-a05e-3865-32a0-d4aec7dca80e","Legacy user reference could not be mapped"
"missing-user","AbpRoleClaims","debd6927-2a04-45ef-8dcb-7a2697f1df2d","RoleId","3a1e8563-a05e-3865-32a0-d4aec7dca80e","Legacy user reference could not be mapped"
"missing-user","AbpRoleClaims","df892ae2-4714-47d7-91f9-aa798c48edca","RoleId","3a1e8563-a05e-3865-32a0-d4aec7dca80e","Legacy user reference could not be mapped"
"missing-user","AbpRoleClaims","e04aeb0c-1e07-4fb1-b0c3-c47b2cf9587c","RoleId","3a1e8563-a05e-3865-32a0-d4aec7dca80e","Legacy user reference could not be mapped"
"missing-user","AbpRoleClaims","e0948f2d-3db8-4232-830f-b71ddefd84ad","RoleId","3a1e8563-a05e-3865-32a0-d4aec7dca80e","Legacy user reference could not be mapped"
"missing-user","AbpRoleClaims","e166c28e-65bc-4add-8a36-b29038c35990","RoleId","3a1e8563-a05e-3865-32a0-d4aec7dca80e","Legacy user reference could not be mapped"
"missing-user","AbpRoleClaims","e3723c0f-82f5-4a29-a2c7-e5ad0bc076d2","RoleId","3a1e8563-a05e-3865-32a0-d4aec7dca80e","Legacy user reference could not be mapped"
"missing-user","AbpRoleClaims","e43edfdd-344b-4d5c-8545-ec8f5128ab19","RoleId","3a1e8563-a05e-3865-32a0-d4aec7dca80e","Legacy user reference could not be mapped"
"missing-user","AbpRoleClaims","e4873f40-2ccf-4036-8b9b-3031e8cfaaf2","RoleId","3a1e8563-a05e-3865-32a0-d4aec7dca80e","Legacy user reference could not be mapped"
"missing-user","AbpRoleClaims","e491a38e-3afa-4dbf-bc72-daeb6d48b067","RoleId","3a1e8563-a05e-3865-32a0-d4aec7dca80e","Legacy user reference could not be mapped"
"missing-user","AbpRoleClaims","e5a7bf8a-44fe-4616-8c3b-5f9a92e4be46","RoleId","3a1e8563-a05e-3865-32a0-d4aec7dca80e","Legacy user reference could not be mapped"
"missing-user","AbpRoleClaims","e68791de-542e-4a11-9c9e-a356d2e4bc78","RoleId","3a1e8563-a05e-3865-32a0-d4aec7dca80e","Legacy user reference could not be mapped"
"missing-user","AbpRoleClaims","e6f47c1a-160e-49c5-ae7d-9f61aeedb02e","RoleId","3a1e8563-a05e-3865-32a0-d4aec7dca80e","Legacy user reference could not be mapped"
"missing-user","AbpRoleClaims","e759a8c7-0cd0-4c80-a0cc-ad4918108d3b","RoleId","3a1e8563-a05e-3865-32a0-d4aec7dca80e","Legacy user reference could not be mapped"
"missing-user","AbpRoleClaims","e918a9b4-e3e3-4cd2-88d8-80087c09ae6c","RoleId","3a1e8563-a05e-3865-32a0-d4aec7dca80e","Legacy user reference could not be mapped"
"missing-user","AbpRoleClaims","ebcec445-4195-4f40-8156-4c5f6a6c3041","RoleId","3a1e8563-a05e-3865-32a0-d4aec7dca80e","Legacy user reference could not be mapped"
"missing-user","AbpRoleClaims","ef3c5fb5-2fd5-4885-97d4-79cacc8d67bc","RoleId","3a1e8563-a05e-3865-32a0-d4aec7dca80e","Legacy user reference could not be mapped"
"missing-user","AbpRoleClaims","ef677101-6de8-4192-9126-0b116b9f00c4","RoleId","3a1e8563-a05e-3865-32a0-d4aec7dca80e","Legacy user reference could not be mapped"
"missing-user","AbpRoleClaims","efd82769-a5a0-4314-bcd4-9b0cbee37d7b","RoleId","3a1e8563-a05e-3865-32a0-d4aec7dca80e","Legacy user reference could not be mapped"
"missing-user","AbpRoleClaims","f014baf3-8bf8-4e1b-827b-235fecfa70c9","RoleId","3a1e8563-a05e-3865-32a0-d4aec7dca80e","Legacy user reference could not be mapped"
"missing-user","AbpRoleClaims","f28447ba-e4cd-4683-af34-67e3758a0858","RoleId","3a1e8563-a05e-3865-32a0-d4aec7dca80e","Legacy user reference could not be mapped"
"missing-user","AbpRoleClaims","f38f467d-5606-448b-b5db-1ba85c311106","RoleId","3a1e8563-a05e-3865-32a0-d4aec7dca80e","Legacy user reference could not be mapped"
"missing-user","AbpRoleClaims","f53a75fb-8917-4d82-b351-1837c11def33","RoleId","3a1e8563-a05e-3865-32a0-d4aec7dca80e","Legacy user reference could not be mapped"
"missing-user","AbpRoleClaims","f90b8899-8dce-4ee4-81a8-722f2900d35d","RoleId","3a1e8563-a05e-3865-32a0-d4aec7dca80e","Legacy user reference could not be mapped"
"missing-user","AbpRoleClaims","f952c036-7c83-46e2-ba93-75288d5aac40","RoleId","3a1e8563-a05e-3865-32a0-d4aec7dca80e","Legacy user reference could not be mapped"
"missing-user","AbpRoleClaims","f955ee2a-1b0a-431d-ab1f-9e1342b6c334","RoleId","3a1e8563-a05e-3865-32a0-d4aec7dca80e","Legacy user reference could not be mapped"
"missing-user","AbpRoleClaims","f9791d1d-9d38-447b-94ff-507576fcb83a","RoleId","3a1e8563-a05e-3865-32a0-d4aec7dca80e","Legacy user reference could not be mapped"
"missing-user","AbpRoleClaims","f981bec7-9fcd-4fd2-8132-0670ae7b91ee","RoleId","3a1e8563-a05e-3865-32a0-d4aec7dca80e","Legacy user reference could not be mapped"
"missing-user","AbpRoleClaims","f9ab212c-629b-4337-91fe-0d39fcd8970f","RoleId","3a1e8563-a05e-3865-32a0-d4aec7dca80e","Legacy user reference could not be mapped"
"missing-user","AbpRoleClaims","fa5bbad2-e91a-4efc-a8e2-f8fd8c86d7bf","RoleId","3a1e8563-a05e-3865-32a0-d4aec7dca80e","Legacy user reference could not be mapped"
"missing-user","AbpRoleClaims","fa7de9c6-cce6-4c66-8cd6-5f5c5497d73b","RoleId","3a1e8563-a05e-3865-32a0-d4aec7dca80e","Legacy user reference could not be mapped"
"missing-user","AbpRoleClaims","fad929b6-94c0-46b7-8c3f-5579f155931b","RoleId","3a1e8563-a05e-3865-32a0-d4aec7dca80e","Legacy user reference could not be mapped"
"missing-user","AbpRoleClaims","fb06c3c5-c2e6-4874-80ef-3f47d9d52194","RoleId","3a1e8563-a05e-3865-32a0-d4aec7dca80e","Legacy user reference could not be mapped"
"missing-user","AbpRoleClaims","fb1e05a7-06bb-4bdb-b40f-36574590c98f","RoleId","3a1e8563-a05e-3865-32a0-d4aec7dca80e","Legacy user reference could not be mapped"
"missing-user","AbpRoleClaims","fc7ec3a9-dda1-4832-a7e9-da4bf0b338ad","RoleId","3a1e8563-a05e-3865-32a0-d4aec7dca80e","Legacy user reference could not be mapped"
"missing-user","AbpRoleClaims","fd625fe4-02bc-4427-9659-f12f0846bda9","RoleId","3a1e8563-a05e-3865-32a0-d4aec7dca80e","Legacy user reference could not be mapped"
"missing-user","AbpRoleClaims","fdd8833f-814c-4c43-9395-c8e0cdcbe58e","RoleId","3a1e8563-a05e-3865-32a0-d4aec7dca80e","Legacy user reference could not be mapped"
"missing-user","AbpRoleClaims","fe079016-1096-4d6b-bcdb-39966aaea275","RoleId","3a1e8563-a05e-3865-32a0-d4aec7dca80e","Legacy user reference could not be mapped"
"missing-user","AbpRoleClaims","fe676172-f0f7-4ff1-be3e-c5e7272d85df","RoleId","3a1e8563-a05e-3865-32a0-d4aec7dca80e","Legacy user reference could not be mapped"
"missing-user","AbpRoleClaims","fe881203-b1aa-45d1-b0e2-7e3949a0a22d","RoleId","3a1e8563-a05e-3865-32a0-d4aec7dca80e","Legacy user reference could not be mapped"
"missing-user","AbpRoleClaims","ff940f23-4801-4d66-82a4-ddbe85c76fe8","RoleId","3a1e8563-a05e-3865-32a0-d4aec7dca80e","Legacy user reference could not be mapped"
"missing-user","AbpSecurityLogs","3a1edc8a-4da7-a963-d962-0ab51540a73b","UserId","3a1edc89-5a1c-6370-bdf4-991fa66e508d","Legacy user reference could not be mapped"
"missing-user","AbpSecurityLogs","3a1f544e-7829-3326-143e-34437003d22a","UserId","3a1edc89-5a1c-6370-bdf4-991fa66e508d","Legacy user reference could not be mapped"
"missing-user","AbpSecurityLogs","3a1f62ae-1275-44b5-7cf7-bb87490d26ec","UserId","3a1edc89-5a1c-6370-bdf4-991fa66e508d","Legacy user reference could not be mapped"
"missing-user","AbpSecurityLogs","3a1f62ae-9da5-3d2e-d12c-360cfadfdc5f","UserId","3a1edc89-5a1c-6370-bdf4-991fa66e508d","Legacy user reference could not be mapped"
"missing-user","AbpSecurityLogs","3a1f62b1-ea28-3188-c619-62d0b157235b","UserId","3a1edc89-5a1c-6370-bdf4-991fa66e508d","Legacy user reference could not be mapped"
"missing-user","AbpSecurityLogs","3a1f62d4-bf9e-804a-6a33-f643241d08bb","UserId","3a1edc89-5a1c-6370-bdf4-991fa66e508d","Legacy user reference could not be mapped"
"missing-user","AbpSecurityLogs","3a1f62e5-9d67-61dd-f0e1-a4ed5814ff1a","UserId","3a1edc89-5a1c-6370-bdf4-991fa66e508d","Legacy user reference could not be mapped"
"missing-user","AbpSecurityLogs","3a1f6869-1f73-5743-0723-5e6a473b57fb","UserId","3a1edc89-5a1c-6370-bdf4-991fa66e508d","Legacy user reference could not be mapped"
"missing-user","AbpSecurityLogs","3a1f6882-7e92-fccc-d27e-5bb0370b581f","UserId","3a1edc89-5a1c-6370-bdf4-991fa66e508d","Legacy user reference could not be mapped"
"missing-user","AbpSecurityLogs","3a1fc0e0-ee26-99b3-a617-3ac329c7531b","UserId","3a1edc89-5a1c-6370-bdf4-991fa66e508d","Legacy user reference could not be mapped"
"missing-user","AbpSecurityLogs","3a1fc0eb-fa68-99f0-b90b-eee81ddcf9c7","UserId","3a1edc89-5a1c-6370-bdf4-991fa66e508d","Legacy user reference could not be mapped"
"missing-user","AbpSecurityLogs","3a1fc3f6-4b3e-5645-ae5b-cb9ea7d296a8","UserId","3a1edc89-5a1c-6370-bdf4-991fa66e508d","Legacy user reference could not be mapped"
"missing-user","AbpSecurityLogs","3a1fc405-e349-42c2-2192-9f62cc4c247c","UserId","3a1edc89-5a1c-6370-bdf4-991fa66e508d","Legacy user reference could not be mapped"
"missing-user","AbpSecurityLogs","3a1fc4fb-ea81-0e38-9ae5-56ef086640ad","UserId","3a1edc89-5a1c-6370-bdf4-991fa66e508d","Legacy user reference could not be mapped"
"missing-user","AbpSecurityLogs","3a1fc689-9cbf-39c0-6676-b936ed543419","UserId","3a1edc89-5a1c-6370-bdf4-991fa66e508d","Legacy user reference could not be mapped"
"missing-user","AbpSecurityLogs","3a1fcb5b-2452-ebe4-9483-5aa33410b592","UserId","3a1edc89-5a1c-6370-bdf4-991fa66e508d","Legacy user reference could not be mapped"
"missing-user","AbpSecurityLogs","3a1fcec3-8eaf-a2ba-b88d-2e84845de3a9","UserId","3a1edc89-5a1c-6370-bdf4-991fa66e508d","Legacy user reference could not be mapped"
"missing-user","AbpSecurityLogs","3a1fd4c6-12ce-8209-1e5e-ec31b4c3e691","UserId","3a1edc89-5a1c-6370-bdf4-991fa66e508d","Legacy user reference could not be mapped"
"missing-user","AbpSecurityLogs","3a1fd4d6-ed2f-5dc4-b540-fd82d8babdf0","UserId","3a1edc89-5a1c-6370-bdf4-991fa66e508d","Legacy user reference could not be mapped"
"missing-user","AbpSecurityLogs","3a1fda45-f83b-11bf-6d88-f9337aaf9aed","UserId","3a1edc89-5a1c-6370-bdf4-991fa66e508d","Legacy user reference could not be mapped"
"missing-user","AbpSecurityLogs","3a1fdb5c-ba66-c0f6-894b-bd3ebf6dfcea","UserId","3a1edc89-5a1c-6370-bdf4-991fa66e508d","Legacy user reference could not be mapped"
"missing-user","AbpSecurityLogs","3a1fdb60-4855-f393-8867-4148a9f2e221","UserId","3a1edc89-5a1c-6370-bdf4-991fa66e508d","Legacy user reference could not be mapped"
"missing-user","AbpSecurityLogs","3a1fe2ff-e224-bd7b-8779-452d0c4019d7","UserId","3a1edc89-5a1c-6370-bdf4-991fa66e508d","Legacy user reference could not be mapped"
"missing-user","AbpSecurityLogs","3a1fe315-f0be-8dfd-7acf-6b9675ee0530","UserId","3a1edc89-5a1c-6370-bdf4-991fa66e508d","Legacy user reference could not be mapped"
"missing-user","AbpSecurityLogs","3a1fe41e-74dc-9903-d5d4-bd388a771d7f","UserId","3a1edc89-5a1c-6370-bdf4-991fa66e508d","Legacy user reference could not be mapped"
"missing-user","AbpSecurityLogs","3a1fe423-7b5d-27ae-b7a8-75f24a0422b5","UserId","3a1edc89-5a1c-6370-bdf4-991fa66e508d","Legacy user reference could not be mapped"
"missing-user","AbpSecurityLogs","3a1fe4f4-178f-3a24-82b4-7022eaffd33d","UserId","3a1edc89-5a1c-6370-bdf4-991fa66e508d","Legacy user reference could not be mapped"
"missing-user","AbpSecurityLogs","3a1fe92a-dc98-4a3c-a147-fb04837fc36e","UserId","3a1edc89-5a1c-6370-bdf4-991fa66e508d","Legacy user reference could not be mapped"
"missing-user","AbpSecurityLogs","3a1fed8c-b725-073b-ea7f-4e8ac6f609fa","UserId","3a1edc89-5a1c-6370-bdf4-991fa66e508d","Legacy user reference could not be mapped"
"missing-user","AbpSecurityLogs","3a1feea9-54fa-eae0-e6bb-8f551a7139c8","UserId","3a1edc89-5a1c-6370-bdf4-991fa66e508d","Legacy user reference could not be mapped"
"missing-user","AbpSecurityLogs","3a1ff477-e3ef-5eac-c477-0a7f7cf043b6","UserId","3a1edc89-5a1c-6370-bdf4-991fa66e508d","Legacy user reference could not be mapped"
"missing-user","AbpSecurityLogs","3a1ff899-98a0-0a4c-924e-8c28583ba926","UserId","3a1edc89-5a1c-6370-bdf4-991fa66e508d","Legacy user reference could not be mapped"
"missing-user","AbpSecurityLogs","3a1ff969-b79a-b9be-f562-4fa72fb0d76b","UserId","3a1edc89-5a1c-6370-bdf4-991fa66e508d","Legacy user reference could not be mapped"
"missing-user","AbpSecurityLogs","3a1ff96a-6877-cfe4-759f-fc4a206574e5","UserId","3a1edc89-5a1c-6370-bdf4-991fa66e508d","Legacy user reference could not be mapped"
"missing-user","AbpSecurityLogs","3a1ff980-29a6-45fd-5960-6f1fca3af149","UserId","3a1edc89-5a1c-6370-bdf4-991fa66e508d","Legacy user reference could not be mapped"
"missing-user","AbpSecurityLogs","3a1ff982-b15a-9af9-ba3c-c30ec1baca61","UserId","3a1edc89-5a1c-6370-bdf4-991fa66e508d","Legacy user reference could not be mapped"
"missing-user","AbpSecurityLogs","3a1ffe78-8807-0225-aa76-e34055fdcb95","UserId","3a1edc89-5a1c-6370-bdf4-991fa66e508d","Legacy user reference could not be mapped"
"missing-user","AbpSecurityLogs","3a2016b1-5bc8-b500-9175-f257f6e1a023","UserId","3a1edc89-5a1c-6370-bdf4-991fa66e508d","Legacy user reference could not be mapped"
"missing-user","AbpSecurityLogs","3a2016b8-c214-b145-d8ce-bb3cc3f6916b","UserId","3a1edc89-5a1c-6370-bdf4-991fa66e508d","Legacy user reference could not be mapped"
"missing-user","AbpSecurityLogs","3a20604c-43c6-94c8-d0bd-dbf693ed4ae2","UserId","3a1edc89-5a1c-6370-bdf4-991fa66e508d","Legacy user reference could not be mapped"
"missing-user","AbpSecurityLogs","3a20604c-fb2e-4843-e2d5-294a126c37cd","UserId","3a1edc89-5a1c-6370-bdf4-991fa66e508d","Legacy user reference could not be mapped"
"missing-user","AbpSecurityLogs","3a20604f-5dca-73a0-5a48-b92f4b6157d0","UserId","3a1edc89-5a1c-6370-bdf4-991fa66e508d","Legacy user reference could not be mapped"
"missing-user","AbpSecurityLogs","3a206056-4ed6-168c-6b42-6157973fab51","UserId","3a1edc89-5a1c-6370-bdf4-991fa66e508d","Legacy user reference could not be mapped"
"missing-user","AbpSecurityLogs","3a206056-7e3b-4c50-e275-9a4054a420dd","UserId","3a1edc89-5a1c-6370-bdf4-991fa66e508d","Legacy user reference could not be mapped"
"missing-user","AbpSecurityLogs","3a20605c-28e2-de92-08d7-7d15d1a0d7d7","UserId","3a1edc89-5a1c-6370-bdf4-991fa66e508d","Legacy user reference could not be mapped"
"missing-user","AbpSecurityLogs","3a20605e-9073-1a2e-4057-b2a83e4f7422","UserId","3a1edc89-5a1c-6370-bdf4-991fa66e508d","Legacy user reference could not be mapped"
"missing-user","AbpSecurityLogs","3a206993-609c-1f65-f8f1-23989ff06ff2","UserId","3a1edc89-5a1c-6370-bdf4-991fa66e508d","Legacy user reference could not be mapped"
"missing-user","AbpSecurityLogs","3a206997-4a68-7dc0-07ee-695069fbbd32","UserId","3a1edc89-5a1c-6370-bdf4-991fa66e508d","Legacy user reference could not be mapped"
"missing-user","AbpSecurityLogs","3a206997-9432-c954-e094-23e7c756a9f7","UserId","3a1edc89-5a1c-6370-bdf4-991fa66e508d","Legacy user reference could not be mapped"
"missing-user","AbpSecurityLogs","3a206997-f0aa-b1ae-247b-65d07f3cc8cc","UserId","3a1edc89-5a1c-6370-bdf4-991fa66e508d","Legacy user reference could not be mapped"
"missing-user","AbpSecurityLogs","3a2069a0-bba1-5895-a2b9-ae77a667aaf5","UserId","3a1edc89-5a1c-6370-bdf4-991fa66e508d","Legacy user reference could not be mapped"
"missing-user","AbpSecurityLogs","3a2069a4-3b50-ab97-e22d-c44ead81d002","UserId","3a1edc89-5a1c-6370-bdf4-991fa66e508d","Legacy user reference could not be mapped"
"missing-user","AbpSecurityLogs","3a2069a4-6127-5d19-6387-44afd1155c9d","UserId","3a1edc89-5a1c-6370-bdf4-991fa66e508d","Legacy user reference could not be mapped"
"missing-user","AbpSecurityLogs","3a2069a5-d974-c670-f02e-43621d87c20d","UserId","3a1edc89-5a1c-6370-bdf4-991fa66e508d","Legacy user reference could not be mapped"
"missing-user","AbpSecurityLogs","3a2069a6-9e3f-189c-46e8-2e173ccc06c5","UserId","3a1edc89-5a1c-6370-bdf4-991fa66e508d","Legacy user reference could not be mapped"
"missing-user","AbpSecurityLogs","3a2069de-c872-e5e0-be4d-9ace353c53e3","UserId","3a1edc89-5a1c-6370-bdf4-991fa66e508d","Legacy user reference could not be mapped"
"missing-user","AbpSecurityLogs","3a206aea-3bf1-b337-f35d-8a9e933aa767","UserId","3a1edc89-5a1c-6370-bdf4-991fa66e508d","Legacy user reference could not be mapped"
"missing-user","AbpSecurityLogs","3a206afc-5c7c-75d6-94b1-773549923f40","UserId","3a1edc89-5a1c-6370-bdf4-991fa66e508d","Legacy user reference could not be mapped"
"missing-user","AppUnits","3a1ff97b-4b1c-70fb-3c74-aff7f2e108a3","CreatorId","3a1edc89-5a1c-6370-bdf4-991fa66e508d","Legacy user reference could not be mapped"
"missing-user","AppPositions","3a1ff985-7281-c2f4-7c80-316556db7c88","CreatorId","3a1edc89-5a1c-6370-bdf4-991fa66e508d","Legacy user reference could not be mapped"
"missing-user","AppPositions","3a1ff985-7281-c2f4-7c80-316556db7c88","LastModifierId","3a1edc89-5a1c-6370-bdf4-991fa66e508d","Legacy user reference could not be mapped"
"missing-user","AppPositions","3a1ff985-7281-c2f4-7c80-316556db7c88","DeleterId","3a1edc89-5a1c-6370-bdf4-991fa66e508d","Legacy user reference could not be mapped"
"missing-user","AppMasterDatas","3a1ff970-3791-accd-9a6d-dc7d34b370d9","CreatorId","3a1edc89-5a1c-6370-bdf4-991fa66e508d","Legacy user reference could not be mapped"
"missing-user","AppMasterDatas","3a1ff970-3791-accd-9a6d-dc7d34b370d9","LastModifierId","3a1edc89-5a1c-6370-bdf4-991fa66e508d","Legacy user reference could not be mapped"
"missing-user","AppMasterDatas","3a1ff970-3791-accd-9a6d-dc7d34b370d9","DeleterId","3a1edc89-5a1c-6370-bdf4-991fa66e508d","Legacy user reference could not be mapped"
"missing-user","AppMasterDatas","3a1ff972-f090-3e73-27e7-faef2c25c3ce","CreatorId","3a1edc89-5a1c-6370-bdf4-991fa66e508d","Legacy user reference could not be mapped"
"missing-user","AppMasterDatas","3a1ff972-f090-3e73-27e7-faef2c25c3ce","LastModifierId","3a1edc89-5a1c-6370-bdf4-991fa66e508d","Legacy user reference could not be mapped"
"missing-user","AppMasterDatas","3a1ff972-f090-3e73-27e7-faef2c25c3ce","DeleterId","3a1edc89-5a1c-6370-bdf4-991fa66e508d","Legacy user reference could not be mapped"
"missing-user","AppMasterDatas","3a1ff974-380e-f453-e658-371a4c92bd2e","CreatorId","3a1edc89-5a1c-6370-bdf4-991fa66e508d","Legacy user reference could not be mapped"
"missing-user","AppMasterDatas","3a1ff974-380e-f453-e658-371a4c92bd2e","LastModifierId","3a1edc89-5a1c-6370-bdf4-991fa66e508d","Legacy user reference could not be mapped"
"missing-user","AppMasterDatas","3a1ff974-380e-f453-e658-371a4c92bd2e","DeleterId","3a1edc89-5a1c-6370-bdf4-991fa66e508d","Legacy user reference could not be mapped"
"missing-user","AppMasterDatas","3a1ff974-b16f-5c7b-b635-5674bd8cfe6b","CreatorId","3a1edc89-5a1c-6370-bdf4-991fa66e508d","Legacy user reference could not be mapped"
"missing-user","AppMasterDatas","3a1ff974-b16f-5c7b-b635-5674bd8cfe6b","LastModifierId","3a1edc89-5a1c-6370-bdf4-991fa66e508d","Legacy user reference could not be mapped"
"missing-user","AppMasterDatas","3a1ff974-b16f-5c7b-b635-5674bd8cfe6b","DeleterId","3a1edc89-5a1c-6370-bdf4-991fa66e508d","Legacy user reference could not be mapped"
"missing-user","AppMasterDatas","3a1ff975-8ec2-88d4-f3cb-5fe1b7ec10f6","CreatorId","3a1edc89-5a1c-6370-bdf4-991fa66e508d","Legacy user reference could not be mapped"
"missing-user","AppWorkflowDefinitions","3a1fcbb0-0acf-8d66-16ff-4d3723c23ad1","CreatorId","3a1edc89-5a1c-6370-bdf4-991fa66e508d","Legacy user reference could not be mapped"
"missing-user","AppWorkflowTemplates","3a1fd5a2-59e3-1be9-d287-dc39afce2c9a","LastModifierId","3a1edc89-5a1c-6370-bdf4-991fa66e508d","Legacy user reference could not be mapped"
"missing-user","AppWorkflowTemplates","3a1fe4cd-bbdb-e377-ba8c-4075f2df3d75","CreatorId","3a1edc89-5a1c-6370-bdf4-991fa66e508d","Legacy user reference could not be mapped"
"missing-user","AppWorkflowTemplates","3a1fe4cd-bbdb-e377-ba8c-4075f2df3d75","LastModifierId","3a1edc89-5a1c-6370-bdf4-991fa66e508d","Legacy user reference could not be mapped"
"missing-user","AppWorkflowStepTemplates","3a1fd5a4-d0e7-5a65-d2b3-d66bec108781","LastModifierId","3a1edc89-5a1c-6370-bdf4-991fa66e508d","Legacy user reference could not be mapped"
"missing-user","AppWorkflowStepTemplates","3a1fe4d4-cb4f-e2b0-22db-a64a3521a5e0","CreatorId","3a1edc89-5a1c-6370-bdf4-991fa66e508d","Legacy user reference could not be mapped"
"missing-user","AppWorkflowStepTemplates","3a1fe4d4-cb4f-e2b0-22db-a64a3521a5e0","LastModifierId","3a1edc89-5a1c-6370-bdf4-991fa66e508d","Legacy user reference could not be mapped"
"missing-user","AppWorkflowStepTemplates","3a1fe4d4-f17a-4d90-60be-45c852b067f3","CreatorId","3a1edc89-5a1c-6370-bdf4-991fa66e508d","Legacy user reference could not be mapped"
"missing-user","AppWorkflowStepTemplates","3a1fe4d5-1fe4-7f49-c1a7-77659b304a9a","CreatorId","3a1edc89-5a1c-6370-bdf4-991fa66e508d","Legacy user reference could not be mapped"
"missing-user","AppWorkflowStepTemplates","3a1fe4d5-1fe4-7f49-c1a7-77659b304a9a","LastModifierId","3a1edc89-5a1c-6370-bdf4-991fa66e508d","Legacy user reference could not be mapped"
"missing-user","AppWorkflowStepTemplates","3a1fe4d5-1fe4-7f49-c1a7-77659b304a9a","DeleterId","3a1edc89-5a1c-6370-bdf4-991fa66e508d","Legacy user reference could not be mapped"
"missing-user","AppWorkflowStepTemplates","3a1fe4d7-81e4-e5fb-a1c2-b00815badb09","CreatorId","3a1edc89-5a1c-6370-bdf4-991fa66e508d","Legacy user reference could not be mapped"
"missing-user","AppSignatureSettings","3a1ff9a9-f536-954e-c624-f08461a00916","CreatorId","3a1edc89-5a1c-6370-bdf4-991fa66e508d","Legacy user reference could not be mapped"
"missing-user","AppSurveyCriterias","3a1ff9a6-cdb3-cf31-8008-020f7580c3a1","CreatorId","3a1edc89-5a1c-6370-bdf4-991fa66e508d","Legacy user reference could not be mapped"
"missing-user","AppSurveyCriterias","3a1ff9a9-58da-cc06-9063-180e7cd93f6a","CreatorId","3a1edc89-5a1c-6370-bdf4-991fa66e508d","Legacy user reference could not be mapped"
"missing-user","AppSurveyCriterias","3a1ff9a9-58da-cc06-9063-180e7cd93f6a","LastModifierId","3a1edc89-5a1c-6370-bdf4-991fa66e508d","Legacy user reference could not be mapped"
"missing-user","AppSurveyCriterias","3a1ff9a9-58da-cc06-9063-180e7cd93f6a","DeleterId","3a1edc89-5a1c-6370-bdf4-991fa66e508d","Legacy user reference could not be mapped"
"missing-user","AppSurveyLocations","3a1ff990-0936-4fb0-bbbe-68e2631b89e4","CreatorId","3a1edc89-5a1c-6370-bdf4-991fa66e508d","Legacy user reference could not be mapped"
"missing-user","AppSurveyLocations","3a1ff990-0936-4fb0-bbbe-68e2631b89e4","LastModifierId","3a1edc89-5a1c-6370-bdf4-991fa66e508d","Legacy user reference could not be mapped"
"missing-user","AppSurveyLocations","3a1ff990-0936-4fb0-bbbe-68e2631b89e4","DeleterId","3a1edc89-5a1c-6370-bdf4-991fa66e508d","Legacy user reference could not be mapped"
"missing-user","AppSurveyLocations","3a1ff9a5-156d-49b7-44c6-48c1a33d2d3a","CreatorId","3a1edc89-5a1c-6370-bdf4-991fa66e508d","Legacy user reference could not be mapped"
"missing-user","AppNotifications","3a1ee2ce-1cb1-4994-ff7c-1d60ad599807","LastModifierId","3a1edc89-5a1c-6370-bdf4-991fa66e508d","Legacy user reference could not be mapped"
"missing-user","AppNotifications","3a1ee2d1-3b52-2d4f-e440-ab6d458c5380","LastModifierId","3a1edc89-5a1c-6370-bdf4-991fa66e508d","Legacy user reference could not be mapped"
"missing-user","AppNotifications","3a1ee3f1-06b9-40d8-04c0-89ba48a94c86","LastModifierId","3a1edc89-5a1c-6370-bdf4-991fa66e508d","Legacy user reference could not be mapped"
"missing-user","AppNotifications","3a1f208d-f0d6-f813-7e89-6c8f46a57480","LastModifierId","3a1edc89-5a1c-6370-bdf4-991fa66e508d","Legacy user reference could not be mapped"
"missing-user","AppNotifications","3a1f20ab-2b6b-84ea-95fa-cad586a7e7b0","LastModifierId","3a1edc89-5a1c-6370-bdf4-991fa66e508d","Legacy user reference could not be mapped"
"missing-user","AppNotifications","3a1f2480-98c2-adfc-f38b-d492a0e266d9","LastModifierId","3a1edc89-5a1c-6370-bdf4-991fa66e508d","Legacy user reference could not be mapped"
"missing-user","AppNotifications","3a1f2f61-4211-4a3f-7c5d-a8e0f4e80d5d","LastModifierId","3a1edc89-5a1c-6370-bdf4-991fa66e508d","Legacy user reference could not be mapped"
"missing-user","AppNotifications","3a1f2f66-793c-4abc-97cc-9f1c3d35541e","LastModifierId","3a1edc89-5a1c-6370-bdf4-991fa66e508d","Legacy user reference could not be mapped"
"missing-user","AppNotifications","3a1f30b6-436d-cb2b-fda8-77cbdb26096c","LastModifierId","3a1edc89-5a1c-6370-bdf4-991fa66e508d","Legacy user reference could not be mapped"
"missing-user","AppNotifications","3a1f3b52-ecee-593d-eca2-cbe9e17f61a4","LastModifierId","3a1edc89-5a1c-6370-bdf4-991fa66e508d","Legacy user reference could not be mapped"
"missing-user","AppNotifications","3a1f3b54-a969-41ac-6052-304fdde1b348","LastModifierId","3a1edc89-5a1c-6370-bdf4-991fa66e508d","Legacy user reference could not be mapped"
"missing-user","AppNotifications","3a1f3b56-0b57-cf84-24bc-8c3b5d2e8ee1","LastModifierId","3a1edc89-5a1c-6370-bdf4-991fa66e508d","Legacy user reference could not be mapped"
"missing-user","AppNotifications","3a1f3b70-9cff-0e05-e0e1-0f1d06ec0b92","LastModifierId","3a1edc89-5a1c-6370-bdf4-991fa66e508d","Legacy user reference could not be mapped"
"missing-user","AppNotifications","3a1f3b76-6251-9692-3a8b-612b08677c89","LastModifierId","3a1edc89-5a1c-6370-bdf4-991fa66e508d","Legacy user reference could not be mapped"
"missing-user","AppNotifications","3a1f3b7e-1ca2-884b-7955-0b1aa74178bb","LastModifierId","3a1edc89-5a1c-6370-bdf4-991fa66e508d","Legacy user reference could not be mapped"
"missing-user","AppNotifications","3a1f3bae-5cf3-d1bf-6f76-009e4e397b36","LastModifierId","3a1edc89-5a1c-6370-bdf4-991fa66e508d","Legacy user reference could not be mapped"
"missing-user","AppNotifications","3a1f3bb6-4759-f345-f148-3e6214797a00","LastModifierId","3a1edc89-5a1c-6370-bdf4-991fa66e508d","Legacy user reference could not be mapped"
"missing-user","AppNotifications","3a1f3bbf-c149-b17f-ee0f-84276371cc97","LastModifierId","3a1edc89-5a1c-6370-bdf4-991fa66e508d","Legacy user reference could not be mapped"
"missing-user","AppNotifications","3a1f3bc2-c03e-4a02-639f-ca4b40a2e401","LastModifierId","3a1edc89-5a1c-6370-bdf4-991fa66e508d","Legacy user reference could not be mapped"
"missing-user","AppNotifications","3a1f3bc2-e6d3-96b0-8e43-0dfed7053234","LastModifierId","3a1edc89-5a1c-6370-bdf4-991fa66e508d","Legacy user reference could not be mapped"
"missing-user","AppNotifications","3a1f3bd6-dfe7-e3e5-43cd-41c4ef73acec","LastModifierId","3a1edc89-5a1c-6370-bdf4-991fa66e508d","Legacy user reference could not be mapped"
"missing-user","AppNotifications","3a1f3e3c-fa6a-8995-6d30-15ea9ad9b6d9","LastModifierId","3a1edc89-5a1c-6370-bdf4-991fa66e508d","Legacy user reference could not be mapped"
"missing-user","AppNotifications","3a1f4001-f28e-c28c-9d10-c5176e35ee7b","LastModifierId","3a1edc89-5a1c-6370-bdf4-991fa66e508d","Legacy user reference could not be mapped"
"missing-user","AppNotifications","3a1f42d4-c493-eaf6-adfd-9bf8660fe135","LastModifierId","3a1edc89-5a1c-6370-bdf4-991fa66e508d","Legacy user reference could not be mapped"
"missing-user","AppNotifications","3a1f4870-0c6f-1895-f6a9-4882df05595a","LastModifierId","3a1edc89-5a1c-6370-bdf4-991fa66e508d","Legacy user reference could not be mapped"
"missing-user","AppNotifications","3a1f49f1-0e8d-bf7e-8a6f-8471b4bab824","LastModifierId","3a1edc89-5a1c-6370-bdf4-991fa66e508d","Legacy user reference could not be mapped"
"missing-user","AppNotifications","3a1f542e-af23-9a5d-8a76-d13eddb9945c","LastModifierId","3a1edc89-5a1c-6370-bdf4-991fa66e508d","Legacy user reference could not be mapped"
"missing-user","AppNotifications","3a1f544e-00a0-9094-9764-adfbc08e3e0c","LastModifierId","3a1edc89-5a1c-6370-bdf4-991fa66e508d","Legacy user reference could not be mapped"
"missing-user","AppNotifications","3a1f544e-c1ad-30e4-0c44-865595752790","CreatorId","3a1edc89-5a1c-6370-bdf4-991fa66e508d","Legacy user reference could not be mapped"
"missing-user","AppNotifications","3a1f62da-6c6e-9ec1-f04d-82c30774eaf8","LastModifierId","3a1edc89-5a1c-6370-bdf4-991fa66e508d","Legacy user reference could not be mapped"
"missing-user","AppNotifications","3a1f62e6-227f-79cc-1039-748d13682f87","CreatorId","3a1edc89-5a1c-6370-bdf4-991fa66e508d","Legacy user reference could not be mapped"
"missing-user","AppNotifications","3a1f6869-efcc-7631-0665-bf11f41cb901","CreatorId","3a1edc89-5a1c-6370-bdf4-991fa66e508d","Legacy user reference could not be mapped"
"missing-user","AppNotifications","3a1f6883-1c8f-2a85-3254-5d7e98e1eda6","CreatorId","3a1edc89-5a1c-6370-bdf4-991fa66e508d","Legacy user reference could not be mapped"
"missing-user","AppNotifications","3a1fc128-d33d-c3e7-69b4-f466c9afe3bf","CreatorId","3a1edc89-5a1c-6370-bdf4-991fa66e508d","Legacy user reference could not be mapped"
"missing-user","AppNotifications","3a1fc566-89d9-aebf-e3d9-3b511c9816e7","CreatorId","3a1edc89-5a1c-6370-bdf4-991fa66e508d","Legacy user reference could not be mapped"
"missing-user","AppNotifications","3a1fc566-e2f0-9e07-986a-226262f8959a","CreatorId","3a1edc89-5a1c-6370-bdf4-991fa66e508d","Legacy user reference could not be mapped"
"missing-user","AppNotifications","3a1fc566-fb8b-2956-1c54-93e30664cb0a","CreatorId","3a1edc89-5a1c-6370-bdf4-991fa66e508d","Legacy user reference could not be mapped"
"missing-user","AppNotifications","3a1fc567-089d-f6d0-b002-09e73f392e86","CreatorId","3a1edc89-5a1c-6370-bdf4-991fa66e508d","Legacy user reference could not be mapped"
"missing-user","AppNotifications","3a1fc567-1ce5-2c77-cc8b-95bc78fe3487","CreatorId","3a1edc89-5a1c-6370-bdf4-991fa66e508d","Legacy user reference could not be mapped"
"missing-user","AppNotifications","3a1fc567-3868-1383-608e-51aa0ea5b5e4","CreatorId","3a1edc89-5a1c-6370-bdf4-991fa66e508d","Legacy user reference could not be mapped"
"missing-user","AppNotifications","3a1fd569-de43-4c93-e8ff-c03599f7adcc","CreatorId","3a1edc89-5a1c-6370-bdf4-991fa66e508d","Legacy user reference could not be mapped"
"missing-user","AppNotifications","3a1fd574-614a-af1f-8cb7-69d62adb8888","CreatorId","3a1edc89-5a1c-6370-bdf4-991fa66e508d","Legacy user reference could not be mapped"
"missing-user","AppNotifications","3a1fd574-614a-af1f-8cb7-69d62adb8888","LastModifierId","3a1edc89-5a1c-6370-bdf4-991fa66e508d","Legacy user reference could not be mapped"
"missing-user","AppNotifications","3a1fd5a2-9aa4-2073-da31-8c04df22c257","LastModifierId","3a1edc89-5a1c-6370-bdf4-991fa66e508d","Legacy user reference could not be mapped"
"missing-user","AppNotifications","3a1fd5a4-eeef-3d36-63e6-21c711400e0d","LastModifierId","3a1edc89-5a1c-6370-bdf4-991fa66e508d","Legacy user reference could not be mapped"
"missing-user","AppNotifications","3a1fd5bc-76c0-d116-92f0-ce2d673e5677","CreatorId","3a1edc89-5a1c-6370-bdf4-991fa66e508d","Legacy user reference could not be mapped"
"missing-user","AppNotifications","3a1fd5bc-76c0-d116-92f0-ce2d673e5677","LastModifierId","3a1edc89-5a1c-6370-bdf4-991fa66e508d","Legacy user reference could not be mapped"
"missing-user","AppNotifications","3a1fd5bc-a1ae-34c2-b197-32ecf13a1e60","CreatorId","3a1edc89-5a1c-6370-bdf4-991fa66e508d","Legacy user reference could not be mapped"
"missing-user","AppNotifications","3a1fd5bc-a1ae-34c2-b197-32ecf13a1e60","LastModifierId","3a1edc89-5a1c-6370-bdf4-991fa66e508d","Legacy user reference could not be mapped"
"missing-user","AppNotifications","3a1fd5bc-cbba-d783-4a9b-14050c06a412","CreatorId","3a1edc89-5a1c-6370-bdf4-991fa66e508d","Legacy user reference could not be mapped"
"missing-user","AppNotifications","3a1fd5bc-cbba-d783-4a9b-14050c06a412","LastModifierId","3a1edc89-5a1c-6370-bdf4-991fa66e508d","Legacy user reference could not be mapped"
"missing-user","AppNotifications","3a1fd5bc-e11f-ecf3-33ce-5b4668cdfe82","CreatorId","3a1edc89-5a1c-6370-bdf4-991fa66e508d","Legacy user reference could not be mapped"
"missing-user","AppNotifications","3a1fd5be-0202-b370-bc91-e61cf3699eb1","CreatorId","3a1edc89-5a1c-6370-bdf4-991fa66e508d","Legacy user reference could not be mapped"
"missing-user","AppNotifications","3a1fd5be-0202-b370-bc91-e61cf3699eb1","LastModifierId","3a1edc89-5a1c-6370-bdf4-991fa66e508d","Legacy user reference could not be mapped"
"missing-user","AppNotifications","3a1fd5be-48ba-3a35-e4de-058f998ec474","CreatorId","3a1edc89-5a1c-6370-bdf4-991fa66e508d","Legacy user reference could not be mapped"
"missing-user","AppNotifications","3a1fd5be-5c72-6ce6-cd1a-53ece06e418d","CreatorId","3a1edc89-5a1c-6370-bdf4-991fa66e508d","Legacy user reference could not be mapped"
"missing-user","AppNotifications","3a1fd5be-5c72-6ce6-cd1a-53ece06e418d","LastModifierId","3a1edc89-5a1c-6370-bdf4-991fa66e508d","Legacy user reference could not be mapped"
"missing-user","AppNotifications","3a1fd5be-6fa5-7173-065d-fa1f5d104c05","CreatorId","3a1edc89-5a1c-6370-bdf4-991fa66e508d","Legacy user reference could not be mapped"
"missing-user","AppNotifications","3a1fd5be-6fa5-7173-065d-fa1f5d104c05","LastModifierId","3a1edc89-5a1c-6370-bdf4-991fa66e508d","Legacy user reference could not be mapped"
"missing-user","AppNotifications","3a1fd5d2-72f1-e1da-73cd-8ebf13e3e311","CreatorId","3a1edc89-5a1c-6370-bdf4-991fa66e508d","Legacy user reference could not be mapped"
"missing-user","AppNotifications","3a1fd5d2-cd1f-4b59-0c37-1a334b5dc9da","CreatorId","3a1edc89-5a1c-6370-bdf4-991fa66e508d","Legacy user reference could not be mapped"
"missing-user","AppNotifications","3a1fd888-c115-11b2-72b0-cbbbf57ddfbe","LastModifierId","3a1edc89-5a1c-6370-bdf4-991fa66e508d","Legacy user reference could not be mapped"
"missing-user","AppNotifications","3a1fda8f-7d61-4896-43e0-781e0bae60ac","CreatorId","3a1edc89-5a1c-6370-bdf4-991fa66e508d","Legacy user reference could not be mapped"
"missing-user","AppNotifications","3a1fda8f-7d61-4896-43e0-781e0bae60ac","LastModifierId","3a1edc89-5a1c-6370-bdf4-991fa66e508d","Legacy user reference could not be mapped"
"missing-user","AppNotifications","3a1fda8f-96d5-a814-0676-a30167c6c9db","CreatorId","3a1edc89-5a1c-6370-bdf4-991fa66e508d","Legacy user reference could not be mapped"
"missing-user","AppNotifications","3a1fda8f-9ed3-9725-846b-bc32b45881ab","CreatorId","3a1edc89-5a1c-6370-bdf4-991fa66e508d","Legacy user reference could not be mapped"
"missing-user","AppNotifications","3a1fda8f-c4cf-d16b-d6f4-1b0ffd60b77f","CreatorId","3a1edc89-5a1c-6370-bdf4-991fa66e508d","Legacy user reference could not be mapped"
"missing-user","AppNotifications","3a1fda90-ae13-2e5f-dbc5-eb50d5372cb7","CreatorId","3a1edc89-5a1c-6370-bdf4-991fa66e508d","Legacy user reference could not be mapped"
"missing-user","AppNotifications","3a1fda9c-95f9-96b3-c6f7-2acdc948a7a5","CreatorId","3a1edc89-5a1c-6370-bdf4-991fa66e508d","Legacy user reference could not be mapped"
"missing-user","AppNotifications","3a1fda9c-d24c-ef2d-940a-ed3a821eb9f8","CreatorId","3a1edc89-5a1c-6370-bdf4-991fa66e508d","Legacy user reference could not be mapped"
"missing-user","AppNotifications","3a1fda9e-8297-13a1-933c-592ab9a9b7dd","CreatorId","3a1edc89-5a1c-6370-bdf4-991fa66e508d","Legacy user reference could not be mapped"
"missing-user","AppNotifications","3a1fda9e-e61d-3d29-14fc-721157d90268","CreatorId","3a1edc89-5a1c-6370-bdf4-991fa66e508d","Legacy user reference could not be mapped"
"missing-user","AppNotifications","3a1fdab0-29cc-b2e8-563c-724990cca11d","CreatorId","3a1edc89-5a1c-6370-bdf4-991fa66e508d","Legacy user reference could not be mapped"
"missing-user","AppNotifications","3a1fdab0-29cc-b2e8-563c-724990cca11d","LastModifierId","3a1edc89-5a1c-6370-bdf4-991fa66e508d","Legacy user reference could not be mapped"
"missing-user","AppNotifications","3a1fdab3-4808-6dba-b012-714b96f4d4cb","CreatorId","3a1edc89-5a1c-6370-bdf4-991fa66e508d","Legacy user reference could not be mapped"
"missing-user","AppNotifications","3a1fdab3-7d22-a354-7011-da2dde3273db","CreatorId","3a1edc89-5a1c-6370-bdf4-991fa66e508d","Legacy user reference could not be mapped"
"missing-user","AppNotifications","3a1fdac0-ac71-c27b-0ae9-81117a7f03ba","CreatorId","3a1edc89-5a1c-6370-bdf4-991fa66e508d","Legacy user reference could not be mapped"
"missing-user","AppNotifications","3a1fdac0-ac71-c27b-0ae9-81117a7f03ba","LastModifierId","3a1edc89-5a1c-6370-bdf4-991fa66e508d","Legacy user reference could not be mapped"
"missing-user","AppNotifications","3a1fded8-9e3b-efb8-96a2-4d5fdc189176","LastModifierId","3a1edc89-5a1c-6370-bdf4-991fa66e508d","Legacy user reference could not be mapped"
"missing-user","AppNotifications","3a1fe303-4ed0-93a3-8bc5-1a359e2b600f","CreatorId","3a1edc89-5a1c-6370-bdf4-991fa66e508d","Legacy user reference could not be mapped"
"missing-user","AppNotifications","3a1fe303-4ed0-93a3-8bc5-1a359e2b600f","LastModifierId","3a1edc89-5a1c-6370-bdf4-991fa66e508d","Legacy user reference could not be mapped"
"missing-user","AppNotifications","3a1fe316-a6eb-0534-2aaa-b4617d01ddca","CreatorId","3a1edc89-5a1c-6370-bdf4-991fa66e508d","Legacy user reference could not be mapped"
"missing-user","AppNotifications","3a1fe316-a6eb-0534-2aaa-b4617d01ddca","LastModifierId","3a1edc89-5a1c-6370-bdf4-991fa66e508d","Legacy user reference could not be mapped"
"missing-user","AppNotifications","3a1fe325-4d89-fee9-1a48-c711772b20c1","CreatorId","3a1edc89-5a1c-6370-bdf4-991fa66e508d","Legacy user reference could not be mapped"
"missing-user","AppNotifications","3a1fe423-1aa4-dd8c-c13f-ee8bfcae36a8","LastModifierId","3a1edc89-5a1c-6370-bdf4-991fa66e508d","Legacy user reference could not be mapped"
"missing-user","AppNotifications","3a1fe425-a302-2d4c-a87d-7575a06c83ff","CreatorId","3a1edc89-5a1c-6370-bdf4-991fa66e508d","Legacy user reference could not be mapped"
"missing-user","AppNotifications","3a1fe4d7-fa62-3f60-bf96-3007e3398caa","CreatorId","3a1edc89-5a1c-6370-bdf4-991fa66e508d","Legacy user reference could not be mapped"
"missing-user","AppNotifications","3a1fe4d8-1cff-fdf7-2d04-8816acaf7c16","CreatorId","3a1edc89-5a1c-6370-bdf4-991fa66e508d","Legacy user reference could not be mapped"
"missing-user","AppNotifications","3a1fe4d9-985f-5a28-a2ba-1fba69fc88be","CreatorId","3a1edc89-5a1c-6370-bdf4-991fa66e508d","Legacy user reference could not be mapped"
"missing-user","AppNotifications","3a1fe4d9-b63f-c626-989c-2aeaeddf9b7c","CreatorId","3a1edc89-5a1c-6370-bdf4-991fa66e508d","Legacy user reference could not be mapped"
"missing-user","AppNotifications","3a1fe4f1-87fb-9354-e2c8-8c30a71b3917","LastModifierId","3a1edc89-5a1c-6370-bdf4-991fa66e508d","Legacy user reference could not be mapped"
"missing-user","AppNotifications","3a1fe4f4-d9c7-6155-0f27-302f6e6b8777","CreatorId","3a1edc89-5a1c-6370-bdf4-991fa66e508d","Legacy user reference could not be mapped"
"missing-user","AppNotifications","3a1fe4fa-e907-8dd2-66f4-991f585e4019","CreatorId","3a1edc89-5a1c-6370-bdf4-991fa66e508d","Legacy user reference could not be mapped"
"missing-user","AppNotifications","3a1fe521-db3f-3e57-fa2f-344fadcaa680","CreatorId","3a1edc89-5a1c-6370-bdf4-991fa66e508d","Legacy user reference could not be mapped"
"missing-user","AppNotifications","3a1fe521-db3f-3e57-fa2f-344fadcaa680","LastModifierId","3a1edc89-5a1c-6370-bdf4-991fa66e508d","Legacy user reference could not be mapped"
"missing-user","AppNotifications","3a1fe524-f8a6-2a0a-9649-4dac10cf2560","CreatorId","3a1edc89-5a1c-6370-bdf4-991fa66e508d","Legacy user reference could not be mapped"
"missing-user","AppNotifications","3a1fe524-f8a6-2a0a-9649-4dac10cf2560","LastModifierId","3a1edc89-5a1c-6370-bdf4-991fa66e508d","Legacy user reference could not be mapped"
"missing-user","AppNotifications","3a1fe525-0a8a-510c-f1ab-47d1757af133","CreatorId","3a1edc89-5a1c-6370-bdf4-991fa66e508d","Legacy user reference could not be mapped"
"missing-user","AppNotifications","3a1fe525-0a8a-510c-f1ab-47d1757af133","LastModifierId","3a1edc89-5a1c-6370-bdf4-991fa66e508d","Legacy user reference could not be mapped"
"missing-user","AppNotifications","3a1fea42-8b50-91be-a8e6-1629a94708b2","CreatorId","3a1edc89-5a1c-6370-bdf4-991fa66e508d","Legacy user reference could not be mapped"
"missing-user","AppNotifications","3a1fea43-b009-15ac-ee15-ce6cfec3a79e","CreatorId","3a1edc89-5a1c-6370-bdf4-991fa66e508d","Legacy user reference could not be mapped"
"missing-user","AppNotifications","3a1fea52-05a4-72fa-5758-332b53a14850","CreatorId","3a1edc89-5a1c-6370-bdf4-991fa66e508d","Legacy user reference could not be mapped"
"missing-user","AppNotifications","3a1fea52-1757-836a-0f57-c25e81657316","CreatorId","3a1edc89-5a1c-6370-bdf4-991fa66e508d","Legacy user reference could not be mapped"
"missing-user","AppNotifications","3a1fea52-1757-836a-0f57-c25e81657316","LastModifierId","3a1edc89-5a1c-6370-bdf4-991fa66e508d","Legacy user reference could not be mapped"
"missing-user","AppNotifications","3a1fec9e-40ae-480d-e3a9-e69fdf8c04bb","LastModifierId","3a1edc89-5a1c-6370-bdf4-991fa66e508d","Legacy user reference could not be mapped"
"missing-user","AppNotifications","3a1fef4e-f653-7d50-84e8-6710de63f26f","CreatorId","3a1edc89-5a1c-6370-bdf4-991fa66e508d","Legacy user reference could not be mapped"
"missing-user","AppNotifications","3a1fef4e-f653-7d50-84e8-6710de63f26f","LastModifierId","3a1edc89-5a1c-6370-bdf4-991fa66e508d","Legacy user reference could not be mapped"
"missing-user","AppNotifications","3a1fef71-6177-55b5-3c13-d81fe7aeb62d","CreatorId","3a1edc89-5a1c-6370-bdf4-991fa66e508d","Legacy user reference could not be mapped"
"missing-user","AppNotifications","3a1ff93e-9474-b05f-79d1-15da3c8cf8a8","CreatorId","3a1edc89-5a1c-6370-bdf4-991fa66e508d","Legacy user reference could not be mapped"
"missing-user","AppNotifications","3a1ff93e-a254-36d5-4745-aa83853d0139","CreatorId","3a1edc89-5a1c-6370-bdf4-991fa66e508d","Legacy user reference could not be mapped"
"missing-user","AppNotifications","3a1ff93f-fbeb-6e14-e622-41ea48bf4c2e","CreatorId","3a1edc89-5a1c-6370-bdf4-991fa66e508d","Legacy user reference could not be mapped"
"missing-user","AppNotifications","3a1ff940-0b4e-616e-384a-61521b113b92","CreatorId","3a1edc89-5a1c-6370-bdf4-991fa66e508d","Legacy user reference could not be mapped"
"missing-user","AppNotifications","3a1ff940-0b4e-616e-384a-61521b113b92","LastModifierId","3a1edc89-5a1c-6370-bdf4-991fa66e508d","Legacy user reference could not be mapped"
"missing-user","AppNotifications","3a1ff940-1afb-a7a2-ce9d-ead653e0129a","CreatorId","3a1edc89-5a1c-6370-bdf4-991fa66e508d","Legacy user reference could not be mapped"
"missing-user","AppNotifications","3a1ff947-02c4-faf9-d617-44b2864e7c5c","CreatorId","3a1edc89-5a1c-6370-bdf4-991fa66e508d","Legacy user reference could not be mapped"
"missing-user","AppNotifications","3a1ff947-1485-9ff5-bf6b-8a84ddf8de8e","CreatorId","3a1edc89-5a1c-6370-bdf4-991fa66e508d","Legacy user reference could not be mapped"
"missing-user","AppNotifications","3a1ff947-1485-9ff5-bf6b-8a84ddf8de8e","LastModifierId","3a1edc89-5a1c-6370-bdf4-991fa66e508d","Legacy user reference could not be mapped"
"missing-user","AppNotifications","3a1ff947-3088-f3ea-a37e-138aeb09dd26","CreatorId","3a1edc89-5a1c-6370-bdf4-991fa66e508d","Legacy user reference could not be mapped"
"missing-user","AppNotifications","3a1ff947-5363-7e56-6eba-92de62a8b520","CreatorId","3a1edc89-5a1c-6370-bdf4-991fa66e508d","Legacy user reference could not be mapped"
"missing-user","AppNotifications","3a1ff94a-d33d-b651-6b29-e5ce88898fbe","CreatorId","3a1edc89-5a1c-6370-bdf4-991fa66e508d","Legacy user reference could not be mapped"
"missing-user","AppNotifications","3a1ff94a-db6a-4697-0b67-17edb5b12e0d","CreatorId","3a1edc89-5a1c-6370-bdf4-991fa66e508d","Legacy user reference could not be mapped"
"missing-user","AppNotifications","3a1ff94a-e2d0-45f9-d3b0-b96c5fe15ac7","CreatorId","3a1edc89-5a1c-6370-bdf4-991fa66e508d","Legacy user reference could not be mapped"
"missing-user","AppNotifications","3a1ff94b-0c6e-9f1c-a195-1f770946bb8e","CreatorId","3a1edc89-5a1c-6370-bdf4-991fa66e508d","Legacy user reference could not be mapped"
"missing-user","AppNotifications","3a1ff94b-1d58-a672-6e20-2c565300e3e7","CreatorId","3a1edc89-5a1c-6370-bdf4-991fa66e508d","Legacy user reference could not be mapped"
"missing-user","AppNotifications","3a1ff94b-1d58-a672-6e20-2c565300e3e7","LastModifierId","3a1edc89-5a1c-6370-bdf4-991fa66e508d","Legacy user reference could not be mapped"
"missing-user","AppNotifications","3a1ffd4f-da3b-3b05-3028-7322cc6f3551","LastModifierId","3a1edc89-5a1c-6370-bdf4-991fa66e508d","Legacy user reference could not be mapped"
"missing-user","AppNotifications","3a201bde-d6fc-f0b2-656b-0230c6fb0065","LastModifierId","3a1edc89-5a1c-6370-bdf4-991fa66e508d","Legacy user reference could not be mapped"
"missing-user","AppNotifications","3a20661d-3e01-e685-b8b0-00245200775e","LastModifierId","3a1edc89-5a1c-6370-bdf4-991fa66e508d","Legacy user reference could not be mapped"
"missing-user","AppNotifications","3a20661e-d87a-ab8b-fc5d-e4fc87bb1abb","LastModifierId","3a1edc89-5a1c-6370-bdf4-991fa66e508d","Legacy user reference could not be mapped"
"missing-user","AppNotifications","3a206622-f417-4940-9167-6eaf1094fc82","LastModifierId","3a1edc89-5a1c-6370-bdf4-991fa66e508d","Legacy user reference could not be mapped"
"missing-user","AbpAuditLogs","3a1f544e-a711-7f09-f8cb-e86efe980b29","UserId","3a1edc89-5a1c-6370-bdf4-991fa66e508d","Legacy user reference could not be mapped"
"missing-user","AbpAuditLogs","3a1f544e-c34e-6523-c460-873eb65e6083","UserId","3a1edc89-5a1c-6370-bdf4-991fa66e508d","Legacy user reference could not be mapped"
"missing-user","AbpAuditLogs","3a1f62ae-52c6-ac25-f94e-9fbd2b7ad22c","UserId","3a1edc89-5a1c-6370-bdf4-991fa66e508d","Legacy user reference could not be mapped"
"missing-user","AbpAuditLogs","3a1f62ae-58ea-6c96-ed8c-4e26a25a1556","UserId","3a1edc89-5a1c-6370-bdf4-991fa66e508d","Legacy user reference could not be mapped"
"missing-user","AbpAuditLogs","3a1f62ae-9f1d-6ca4-22cd-2a50d9f1a746","UserId","3a1edc89-5a1c-6370-bdf4-991fa66e508d","Legacy user reference could not be mapped"
"missing-user","AbpAuditLogs","3a1f62af-471f-f1ff-b731-4d1ebc7bbdc6","UserId","3a1edc89-5a1c-6370-bdf4-991fa66e508d","Legacy user reference could not be mapped"
"missing-user","AbpAuditLogs","3a1f62b2-aff8-c8c3-2f34-5dd2e9240a53","UserId","3a1edc89-5a1c-6370-bdf4-991fa66e508d","Legacy user reference could not be mapped"
"missing-user","AbpAuditLogs","3a1f62e5-f5a0-3c46-0299-ba1e5ab9eba4","UserId","3a1edc89-5a1c-6370-bdf4-991fa66e508d","Legacy user reference could not be mapped"
"missing-user","AbpAuditLogs","3a1f62e6-2400-d40a-b454-11f0943d881d","UserId","3a1edc89-5a1c-6370-bdf4-991fa66e508d","Legacy user reference could not be mapped"
"missing-user","AbpAuditLogs","3a1f6869-5b0e-93e3-5518-c51c9170cb88","UserId","3a1edc89-5a1c-6370-bdf4-991fa66e508d","Legacy user reference could not be mapped"
"missing-user","AbpAuditLogs","3a1f6869-ac01-5991-00b6-89c09d881e93","UserId","3a1edc89-5a1c-6370-bdf4-991fa66e508d","Legacy user reference could not be mapped"
"missing-user","AbpAuditLogs","3a1f6869-c8bc-9b9c-d0c5-f4b83f5854c6","UserId","3a1edc89-5a1c-6370-bdf4-991fa66e508d","Legacy user reference could not be mapped"
"missing-user","AbpAuditLogs","3a1f6869-f160-cf55-0dff-b69a7be5cfe9","UserId","3a1edc89-5a1c-6370-bdf4-991fa66e508d","Legacy user reference could not be mapped"
"missing-user","AbpAuditLogs","3a1f6882-e6e7-4ee3-fabb-0f6668ddd092","UserId","3a1edc89-5a1c-6370-bdf4-991fa66e508d","Legacy user reference could not be mapped"
"missing-user","AbpAuditLogs","3a1f6883-1e54-a7ca-265f-d8a4ad48c399","UserId","3a1edc89-5a1c-6370-bdf4-991fa66e508d","Legacy user reference could not be mapped"
"missing-user","AbpAuditLogs","3a1f6883-c294-81ce-e803-a085aa6aee69","UserId","3a1edc89-5a1c-6370-bdf4-991fa66e508d","Legacy user reference could not be mapped"
"missing-user","AbpAuditLogs","3a1fc0e0-fdcf-ffaa-17a4-c3dec2589141","UserId","3a1edc89-5a1c-6370-bdf4-991fa66e508d","Legacy user reference could not be mapped"
"missing-user","AbpAuditLogs","3a1fc0e1-05fb-6178-8a6a-d48339bbed2b","UserId","3a1edc89-5a1c-6370-bdf4-991fa66e508d","Legacy user reference could not be mapped"
"missing-user","AbpAuditLogs","3a1fc0ec-07ae-d2b5-4b65-aa834a7e389d","UserId","3a1edc89-5a1c-6370-bdf4-991fa66e508d","Legacy user reference could not be mapped"
"missing-user","AbpAuditLogs","3a1fc0ec-0e58-af98-4dce-695b1fc6d508","UserId","3a1edc89-5a1c-6370-bdf4-991fa66e508d","Legacy user reference could not be mapped"
"missing-user","AbpAuditLogs","3a1fc0ed-99d5-e8a4-2c30-3662481e68b0","UserId","3a1edc89-5a1c-6370-bdf4-991fa66e508d","Legacy user reference could not be mapped"
"missing-user","AbpAuditLogs","3a1fc0ed-b75b-ef44-387c-76868b80b20f","UserId","3a1edc89-5a1c-6370-bdf4-991fa66e508d","Legacy user reference could not be mapped"
"missing-user","AbpAuditLogs","3a1fc0fd-475e-d3c1-b364-1aa5d94ea610","UserId","3a1edc89-5a1c-6370-bdf4-991fa66e508d","Legacy user reference could not be mapped"
"missing-user","AbpAuditLogs","3a1fc0fd-4e17-913f-b966-706d4eaa4832","UserId","3a1edc89-5a1c-6370-bdf4-991fa66e508d","Legacy user reference could not be mapped"
"missing-user","AbpAuditLogs","3a1fc103-a058-5cc0-6ccb-9d8df11ed19a","UserId","3a1edc89-5a1c-6370-bdf4-991fa66e508d","Legacy user reference could not be mapped"
"missing-user","AbpAuditLogs","3a1fc105-1426-5533-f1ca-2b79f03f1a2c","UserId","3a1edc89-5a1c-6370-bdf4-991fa66e508d","Legacy user reference could not be mapped"
"missing-user","AbpAuditLogs","3a1fc105-1b4b-240c-705d-3340be1e930f","UserId","3a1edc89-5a1c-6370-bdf4-991fa66e508d","Legacy user reference could not be mapped"
"missing-user","AbpAuditLogs","3a1fc124-5014-28e8-b0a0-800bfe193fee","UserId","3a1edc89-5a1c-6370-bdf4-991fa66e508d","Legacy user reference could not be mapped"
"missing-user","AbpAuditLogs","3a1fc124-574a-e860-1d57-6240e4523196","UserId","3a1edc89-5a1c-6370-bdf4-991fa66e508d","Legacy user reference could not be mapped"
"missing-user","AbpAuditLogs","3a1fc125-090f-7fc5-a27d-9addaf15c905","UserId","3a1edc89-5a1c-6370-bdf4-991fa66e508d","Legacy user reference could not be mapped"
"missing-user","AbpAuditLogs","3a1fc125-100f-8e7b-f3f5-fe715f9bc86c","UserId","3a1edc89-5a1c-6370-bdf4-991fa66e508d","Legacy user reference could not be mapped"
"missing-user","AbpAuditLogs","3a1fc128-d388-db40-5269-71d2abc117b1","UserId","3a1edc89-5a1c-6370-bdf4-991fa66e508d","Legacy user reference could not be mapped"
"missing-user","AbpAuditLogs","3a1fc128-f3a6-b70b-97a3-23182c73bed5","UserId","3a1edc89-5a1c-6370-bdf4-991fa66e508d","Legacy user reference could not be mapped"
"missing-user","AbpAuditLogs","3a1fc128-fa1d-f9fa-9efc-198bc9922c3e","UserId","3a1edc89-5a1c-6370-bdf4-991fa66e508d","Legacy user reference could not be mapped"
"missing-user","AbpAuditLogs","3a1fc12d-96b4-45da-c968-f59de2607e70","UserId","3a1edc89-5a1c-6370-bdf4-991fa66e508d","Legacy user reference could not be mapped"
"missing-user","AbpAuditLogs","3a1fc12d-a309-ccac-a3c6-fd6ef537af88","UserId","3a1edc89-5a1c-6370-bdf4-991fa66e508d","Legacy user reference could not be mapped"
"missing-user","AbpAuditLogs","3a1fc12d-a9bd-afdb-c134-a70ab1877fa2","UserId","3a1edc89-5a1c-6370-bdf4-991fa66e508d","Legacy user reference could not be mapped"
"missing-user","AbpAuditLogs","3a1fc12f-de2e-34a1-e763-8732e5a81d69","UserId","3a1edc89-5a1c-6370-bdf4-991fa66e508d","Legacy user reference could not be mapped"
"missing-user","AbpAuditLogs","3a1fc131-1857-3263-63a4-ef38c4f1b64c","UserId","3a1edc89-5a1c-6370-bdf4-991fa66e508d","Legacy user reference could not be mapped"
"missing-user","AbpAuditLogs","3a1fc132-7008-276e-6b74-56b4aaa89253","UserId","3a1edc89-5a1c-6370-bdf4-991fa66e508d","Legacy user reference could not be mapped"
"missing-user","AbpAuditLogs","3a1fc133-2516-ad7c-824f-a390516a5ce0","UserId","3a1edc89-5a1c-6370-bdf4-991fa66e508d","Legacy user reference could not be mapped"
"missing-user","AbpAuditLogs","3a1fc133-27a7-68d2-ab32-72b2ed18750a","UserId","3a1edc89-5a1c-6370-bdf4-991fa66e508d","Legacy user reference could not be mapped"
"missing-user","AbpAuditLogs","3a1fc133-33c8-d4bc-9aed-d90854419c77","UserId","3a1edc89-5a1c-6370-bdf4-991fa66e508d","Legacy user reference could not be mapped"
"missing-user","AbpAuditLogs","3a1fc133-69be-5bf9-f20d-691ebe474b14","UserId","3a1edc89-5a1c-6370-bdf4-991fa66e508d","Legacy user reference could not be mapped"
"missing-user","AbpAuditLogs","3a1fc134-6c9c-c174-6236-9c6f290bd7b2","UserId","3a1edc89-5a1c-6370-bdf4-991fa66e508d","Legacy user reference could not be mapped"
"missing-user","AbpAuditLogs","3a1fc136-d0d3-3f58-a345-001433a20f64","UserId","3a1edc89-5a1c-6370-bdf4-991fa66e508d","Legacy user reference could not be mapped"
"missing-user","AbpAuditLogs","3a1fc136-da9f-aa0b-40c4-17ba8c615c1e","UserId","3a1edc89-5a1c-6370-bdf4-991fa66e508d","Legacy user reference could not be mapped"
"missing-user","AbpAuditLogs","3a1fc14c-e3a0-9753-e0ec-34110429abfe","UserId","3a1edc89-5a1c-6370-bdf4-991fa66e508d","Legacy user reference could not be mapped"
"missing-user","AbpAuditLogs","3a1fc14c-e56f-8ffe-208f-74d5dd361c02","UserId","3a1edc89-5a1c-6370-bdf4-991fa66e508d","Legacy user reference could not be mapped"
"missing-user","AbpAuditLogs","3a1fc14d-72f3-5ecf-e9e8-183f06cd7280","UserId","3a1edc89-5a1c-6370-bdf4-991fa66e508d","Legacy user reference could not be mapped"
"missing-user","AbpAuditLogs","3a1fc14d-ae4e-97ec-071d-6214783f8d1b","UserId","3a1edc89-5a1c-6370-bdf4-991fa66e508d","Legacy user reference could not be mapped"
"missing-user","AbpAuditLogs","3a1fc14d-b0eb-a003-5ecb-66183d9561f5","UserId","3a1edc89-5a1c-6370-bdf4-991fa66e508d","Legacy user reference could not be mapped"
"missing-user","AbpAuditLogs","3a1fc14d-c948-ad49-da41-902d7c8f1848","UserId","3a1edc89-5a1c-6370-bdf4-991fa66e508d","Legacy user reference could not be mapped"
"missing-user","AbpAuditLogs","3a1fc14d-fc4c-c8c8-6a28-96a84ba28562","UserId","3a1edc89-5a1c-6370-bdf4-991fa66e508d","Legacy user reference could not be mapped"
"missing-user","AbpAuditLogs","3a1fc14e-dc3b-3148-1044-8f19e65877b6","UserId","3a1edc89-5a1c-6370-bdf4-991fa66e508d","Legacy user reference could not be mapped"
"missing-user","AbpAuditLogs","3a1fc14f-9de6-3e67-8949-f8e6c42affc1","UserId","3a1edc89-5a1c-6370-bdf4-991fa66e508d","Legacy user reference could not be mapped"
"missing-user","AbpAuditLogs","3a1fc151-82ce-c257-b5d8-6e9622ad0b4c","UserId","3a1edc89-5a1c-6370-bdf4-991fa66e508d","Legacy user reference could not be mapped"
"missing-user","AbpAuditLogs","3a1fc151-8f9c-6def-c82d-7f3672364eee","UserId","3a1edc89-5a1c-6370-bdf4-991fa66e508d","Legacy user reference could not be mapped"
"missing-user","AbpAuditLogs","3a1fc151-9b00-a2ee-15d0-0f3245ea1b08","UserId","3a1edc89-5a1c-6370-bdf4-991fa66e508d","Legacy user reference could not be mapped"
"missing-user","AbpAuditLogs","3a1fc153-ceab-540d-30a1-873972f34342","UserId","3a1edc89-5a1c-6370-bdf4-991fa66e508d","Legacy user reference could not be mapped"
"missing-user","AbpAuditLogs","3a1fc154-5a87-4473-9b3e-45604e0b0040","UserId","3a1edc89-5a1c-6370-bdf4-991fa66e508d","Legacy user reference could not be mapped"
"missing-user","AbpAuditLogs","3a1fc155-7c01-1e37-f2ff-67e2ae361ced","UserId","3a1edc89-5a1c-6370-bdf4-991fa66e508d","Legacy user reference could not be mapped"
"missing-user","AbpAuditLogs","3a1fc158-158a-5e02-7a33-3d1eb57f73da","UserId","3a1edc89-5a1c-6370-bdf4-991fa66e508d","Legacy user reference could not be mapped"
"missing-user","AbpAuditLogs","3a1fc3f6-5783-17bb-bbc9-7f48cfdd53b2","UserId","3a1edc89-5a1c-6370-bdf4-991fa66e508d","Legacy user reference could not be mapped"
"missing-user","AbpAuditLogs","3a1fc3f6-5de9-a9f4-e1c4-460b65756b4d","UserId","3a1edc89-5a1c-6370-bdf4-991fa66e508d","Legacy user reference could not be mapped"
"missing-user","AbpAuditLogs","3a1fc3f7-53df-bbe7-bf0d-39e2ce4f1de4","UserId","3a1edc89-5a1c-6370-bdf4-991fa66e508d","Legacy user reference could not be mapped"
"missing-user","AbpAuditLogs","3a1fc3f7-5aff-777e-df48-499a23e7b1e5","UserId","3a1edc89-5a1c-6370-bdf4-991fa66e508d","Legacy user reference could not be mapped"
"missing-user","AbpAuditLogs","3a1fc3f7-a0f7-133d-5a44-659e9e3dde4f","UserId","3a1edc89-5a1c-6370-bdf4-991fa66e508d","Legacy user reference could not be mapped"
"missing-user","AbpAuditLogs","3a1fc3f7-ad01-a39e-944e-1aa88e70e05e","UserId","3a1edc89-5a1c-6370-bdf4-991fa66e508d","Legacy user reference could not be mapped"
"missing-user","AbpAuditLogs","3a1fc40c-1869-af2f-12fd-57d35e76b6a6","UserId","3a1edc89-5a1c-6370-bdf4-991fa66e508d","Legacy user reference could not be mapped"
"missing-user","AbpAuditLogs","3a1fc523-f964-990d-0cbe-ecf3b3de1777","UserId","3a1edc89-5a1c-6370-bdf4-991fa66e508d","Legacy user reference could not be mapped"
"missing-user","AbpAuditLogs","3a1fc524-15e5-d2ab-1a41-409bd411c2c7","UserId","3a1edc89-5a1c-6370-bdf4-991fa66e508d","Legacy user reference could not be mapped"
"missing-user","AbpAuditLogs","3a1fc524-29d6-01dd-6af5-8019aa0fc305","UserId","3a1edc89-5a1c-6370-bdf4-991fa66e508d","Legacy user reference could not be mapped"
"missing-user","AbpAuditLogs","3a1fc527-8da1-7ec7-da1a-7aabb2d7c97e","UserId","3a1edc89-5a1c-6370-bdf4-991fa66e508d","Legacy user reference could not be mapped"
"missing-user","AbpAuditLogs","3a1fc564-f41f-ea97-5a39-2690347de8c6","UserId","3a1edc89-5a1c-6370-bdf4-991fa66e508d","Legacy user reference could not be mapped"
"missing-user","AbpAuditLogs","3a1fc566-8a1d-0fe1-cb36-860596421334","UserId","3a1edc89-5a1c-6370-bdf4-991fa66e508d","Legacy user reference could not be mapped"
"missing-user","AbpAuditLogs","3a1fc566-e308-43cf-ee7e-998d6af71f83","UserId","3a1edc89-5a1c-6370-bdf4-991fa66e508d","Legacy user reference could not be mapped"
"missing-user","AbpAuditLogs","3a1fc566-fba8-0cb5-1592-d708b08aef8d","UserId","3a1edc89-5a1c-6370-bdf4-991fa66e508d","Legacy user reference could not be mapped"
"missing-user","AbpAuditLogs","3a1fc567-08ab-e2ac-df21-76674cdf5e2f","UserId","3a1edc89-5a1c-6370-bdf4-991fa66e508d","Legacy user reference could not be mapped"
"missing-user","AbpAuditLogs","3a1fc567-1cfb-6a21-8cb2-82c8bef778a7","UserId","3a1edc89-5a1c-6370-bdf4-991fa66e508d","Legacy user reference could not be mapped"
"missing-user","AbpAuditLogs","3a1fc567-387b-dc78-91a0-c74389e7af69","UserId","3a1edc89-5a1c-6370-bdf4-991fa66e508d","Legacy user reference could not be mapped"
"missing-user","AbpAuditLogs","3a1fc56a-ce21-b3ef-a5b5-5468c99768cf","UserId","3a1edc89-5a1c-6370-bdf4-991fa66e508d","Legacy user reference could not be mapped"
"missing-user","AbpAuditLogs","3a1fc56a-f951-43cc-88fc-3fc1900a208d","UserId","3a1edc89-5a1c-6370-bdf4-991fa66e508d","Legacy user reference could not be mapped"
"missing-user","AbpAuditLogs","3a1fc56f-23fb-4022-2d80-dea30f83e541","UserId","3a1edc89-5a1c-6370-bdf4-991fa66e508d","Legacy user reference could not be mapped"
"missing-user","AbpAuditLogs","3a1fc56f-257d-56f9-47a3-36772cb9a49d","UserId","3a1edc89-5a1c-6370-bdf4-991fa66e508d","Legacy user reference could not be mapped"
"missing-user","AbpAuditLogs","3a1fc5b5-244f-ce03-0af7-4e07330dc76d","UserId","3a1edc89-5a1c-6370-bdf4-991fa66e508d","Legacy user reference could not be mapped"
"missing-user","AbpAuditLogs","3a1fc5b5-250f-ea4e-b362-04e91dbcd5f7","UserId","3a1edc89-5a1c-6370-bdf4-991fa66e508d","Legacy user reference could not be mapped"
"missing-user","AbpAuditLogs","3a1fc5b5-94ff-c2b4-9b89-52194d4eca44","UserId","3a1edc89-5a1c-6370-bdf4-991fa66e508d","Legacy user reference could not be mapped"
"missing-user","AbpAuditLogs","3a1fc5b6-730b-354d-2c53-ff2e3e6dae1b","UserId","3a1edc89-5a1c-6370-bdf4-991fa66e508d","Legacy user reference could not be mapped"
"missing-user","AbpAuditLogs","3a1fc5b6-7391-bc44-769e-a0ffff7d32ab","UserId","3a1edc89-5a1c-6370-bdf4-991fa66e508d","Legacy user reference could not be mapped"
"missing-user","AbpAuditLogs","3a1fc5b8-d88a-75fc-cdef-2937ef16f8ff","UserId","3a1edc89-5a1c-6370-bdf4-991fa66e508d","Legacy user reference could not be mapped"
"missing-user","AbpAuditLogs","3a1fc5b9-e199-9fd2-114b-9f472ce43506","UserId","3a1edc89-5a1c-6370-bdf4-991fa66e508d","Legacy user reference could not be mapped"
"missing-user","AbpAuditLogs","3a1fc5b9-e238-540d-0364-f150a3fad057","UserId","3a1edc89-5a1c-6370-bdf4-991fa66e508d","Legacy user reference could not be mapped"
"missing-user","AbpAuditLogs","3a1fc5b9-fb66-403d-a4c3-0336fd297e30","UserId","3a1edc89-5a1c-6370-bdf4-991fa66e508d","Legacy user reference could not be mapped"
"missing-user","AbpAuditLogs","3a1fc5b9-fc04-0c22-3fb0-bc8245f815e7","UserId","3a1edc89-5a1c-6370-bdf4-991fa66e508d","Legacy user reference could not be mapped"
"missing-user","AbpAuditLogs","3a1fc5bb-d043-62a5-b07e-87aba2059ec4","UserId","3a1edc89-5a1c-6370-bdf4-991fa66e508d","Legacy user reference could not be mapped"
"missing-user","AbpAuditLogs","3a1fc62a-7688-283d-cdbc-b3e610df641a","UserId","3a1edc89-5a1c-6370-bdf4-991fa66e508d","Legacy user reference could not be mapped"
"missing-user","AbpAuditLogs","3a1fc62b-5e34-5181-2dcf-090c1addbbfd","UserId","3a1edc89-5a1c-6370-bdf4-991fa66e508d","Legacy user reference could not be mapped"
"missing-user","AbpAuditLogs","3a1fc630-87f5-4256-891c-44bb9d15ac30","UserId","3a1edc89-5a1c-6370-bdf4-991fa66e508d","Legacy user reference could not be mapped"
"missing-user","AbpAuditLogs","3a1fc630-bebb-75b0-ea3c-6a5f7921510a","UserId","3a1edc89-5a1c-6370-bdf4-991fa66e508d","Legacy user reference could not be mapped"
"missing-user","AbpAuditLogs","3a1fc631-3554-f853-6bd9-73e1f39d01fb","UserId","3a1edc89-5a1c-6370-bdf4-991fa66e508d","Legacy user reference could not be mapped"
"missing-user","AbpAuditLogs","3a1fc632-9d7c-0a46-e69d-4884b9cf1ad8","UserId","3a1edc89-5a1c-6370-bdf4-991fa66e508d","Legacy user reference could not be mapped"
"missing-user","AbpAuditLogs","3a1fc632-c4d4-0d13-cfb2-79ed331d217f","UserId","3a1edc89-5a1c-6370-bdf4-991fa66e508d","Legacy user reference could not be mapped"
"missing-user","AbpAuditLogs","3a1fc634-4ad4-c10a-304a-70768447b79d","UserId","3a1edc89-5a1c-6370-bdf4-991fa66e508d","Legacy user reference could not be mapped"
"missing-user","AbpAuditLogs","3a1fc638-af8f-7fba-635a-06717da7bc63","UserId","3a1edc89-5a1c-6370-bdf4-991fa66e508d","Legacy user reference could not be mapped"
"missing-user","AbpAuditLogs","3a1fc638-f335-961c-ebd5-5598622c69cd","UserId","3a1edc89-5a1c-6370-bdf4-991fa66e508d","Legacy user reference could not be mapped"
"missing-user","AbpAuditLogs","3a1fc638-f3ec-ca21-cfe2-c53c2ec4053b","UserId","3a1edc89-5a1c-6370-bdf4-991fa66e508d","Legacy user reference could not be mapped"
"missing-user","AbpAuditLogs","3a1fc639-2857-6911-e10c-08faa3e39cc7","UserId","3a1edc89-5a1c-6370-bdf4-991fa66e508d","Legacy user reference could not be mapped"
"missing-user","AbpAuditLogs","3a1fc639-3d28-3563-4c42-82b334abb388","UserId","3a1edc89-5a1c-6370-bdf4-991fa66e508d","Legacy user reference could not be mapped"
"missing-user","AbpAuditLogs","3a1fc63b-2014-78e4-5807-ed137da163aa","UserId","3a1edc89-5a1c-6370-bdf4-991fa66e508d","Legacy user reference could not be mapped"
"missing-user","AbpAuditLogs","3a1fc63b-4fdf-53bd-b282-dc0cf43b47d4","UserId","3a1edc89-5a1c-6370-bdf4-991fa66e508d","Legacy user reference could not be mapped"
"missing-user","AbpAuditLogs","3a1fc63f-d94b-a01f-9515-d9b160d412ab","UserId","3a1edc89-5a1c-6370-bdf4-991fa66e508d","Legacy user reference could not be mapped"
"missing-user","AbpAuditLogs","3a1fc653-1602-2b99-e076-be51778bee09","UserId","3a1edc89-5a1c-6370-bdf4-991fa66e508d","Legacy user reference could not be mapped"
"missing-user","AbpAuditLogs","3a1fc654-325b-f1f1-5876-8671670f3462","UserId","3a1edc89-5a1c-6370-bdf4-991fa66e508d","Legacy user reference could not be mapped"
"missing-user","AbpAuditLogs","3a1fc654-ddfa-a2d1-4bde-fc9af9d149fd","UserId","3a1edc89-5a1c-6370-bdf4-991fa66e508d","Legacy user reference could not be mapped"
"missing-user","AbpAuditLogs","3a1fc657-a945-1c8b-9ff6-ed4ea9da590a","UserId","3a1edc89-5a1c-6370-bdf4-991fa66e508d","Legacy user reference could not be mapped"
"missing-user","AbpAuditLogs","3a1fc657-a9dd-0f15-819a-d48d1851e272","UserId","3a1edc89-5a1c-6370-bdf4-991fa66e508d","Legacy user reference could not be mapped"
"missing-user","AbpAuditLogs","3a1fc657-c12f-0005-9373-649c717cd057","UserId","3a1edc89-5a1c-6370-bdf4-991fa66e508d","Legacy user reference could not be mapped"
"missing-user","AbpAuditLogs","3a1fc657-c1cf-5dbf-c152-ba6869e0d6a7","UserId","3a1edc89-5a1c-6370-bdf4-991fa66e508d","Legacy user reference could not be mapped"
"missing-user","AbpAuditLogs","3a1fc657-e205-f41d-583d-d2929a553edf","UserId","3a1edc89-5a1c-6370-bdf4-991fa66e508d","Legacy user reference could not be mapped"
"missing-user","AbpAuditLogs","3a1fc657-e2b3-f3b1-e304-48af968c4dd1","UserId","3a1edc89-5a1c-6370-bdf4-991fa66e508d","Legacy user reference could not be mapped"
"missing-user","AbpAuditLogs","3a1fc657-faa4-e6e5-512d-ed695261c697","UserId","3a1edc89-5a1c-6370-bdf4-991fa66e508d","Legacy user reference could not be mapped"
"missing-user","AbpAuditLogs","3a1fc657-fb3a-77a6-bf98-47a767812d57","UserId","3a1edc89-5a1c-6370-bdf4-991fa66e508d","Legacy user reference could not be mapped"
"missing-user","AbpAuditLogs","3a1fc658-1eb6-5551-71c5-4653785ef668","UserId","3a1edc89-5a1c-6370-bdf4-991fa66e508d","Legacy user reference could not be mapped"
"missing-user","AbpAuditLogs","3a1fc658-1f68-a490-8f4d-05bc4d21536a","UserId","3a1edc89-5a1c-6370-bdf4-991fa66e508d","Legacy user reference could not be mapped"
"missing-user","AbpAuditLogs","3a1fc658-3c9f-a0a4-3851-93633527a806","UserId","3a1edc89-5a1c-6370-bdf4-991fa66e508d","Legacy user reference could not be mapped"
"missing-user","AbpAuditLogs","3a1fc658-3d2d-71dc-1b8c-1a6fdee8387d","UserId","3a1edc89-5a1c-6370-bdf4-991fa66e508d","Legacy user reference could not be mapped"
"missing-user","AbpAuditLogs","3a1fc658-530e-27a5-4df9-824f483a7cc8","UserId","3a1edc89-5a1c-6370-bdf4-991fa66e508d","Legacy user reference could not be mapped"
"missing-user","AbpAuditLogs","3a1fc658-53ab-6dad-1114-41b2e792cb81","UserId","3a1edc89-5a1c-6370-bdf4-991fa66e508d","Legacy user reference could not be mapped"
"missing-user","AbpAuditLogs","3a1fc658-6a98-648b-7cbb-e2b5f8a7f551","UserId","3a1edc89-5a1c-6370-bdf4-991fa66e508d","Legacy user reference could not be mapped"
"missing-user","AbpAuditLogs","3a1fc658-6b43-6fdf-7014-4d3b5627193c","UserId","3a1edc89-5a1c-6370-bdf4-991fa66e508d","Legacy user reference could not be mapped"
"missing-user","AbpAuditLogs","3a1fc658-8881-012a-aa3c-58071d44f63d","UserId","3a1edc89-5a1c-6370-bdf4-991fa66e508d","Legacy user reference could not be mapped"
"missing-user","AbpAuditLogs","3a1fc658-891c-fe8e-42f6-a6a60addb0f2","UserId","3a1edc89-5a1c-6370-bdf4-991fa66e508d","Legacy user reference could not be mapped"
"missing-user","AbpAuditLogs","3a1fc658-9b36-5b24-8d98-30c151f0ebab","UserId","3a1edc89-5a1c-6370-bdf4-991fa66e508d","Legacy user reference could not be mapped"
"missing-user","AbpAuditLogs","3a1fc658-9bc2-2e7d-97fc-5a3404b50723","UserId","3a1edc89-5a1c-6370-bdf4-991fa66e508d","Legacy user reference could not be mapped"
"missing-user","AbpAuditLogs","3a1fc669-30de-bf26-dde7-f08152f0dd72","UserId","3a1edc89-5a1c-6370-bdf4-991fa66e508d","Legacy user reference could not be mapped"
"missing-user","AbpAuditLogs","3a1fc669-41f7-4082-30dd-8b9c8772879e","UserId","3a1edc89-5a1c-6370-bdf4-991fa66e508d","Legacy user reference could not be mapped"
"missing-user","AbpAuditLogs","3a1fc669-58f3-bab9-6294-4b3410865232","UserId","3a1edc89-5a1c-6370-bdf4-991fa66e508d","Legacy user reference could not be mapped"
"missing-user","AbpAuditLogs","3a1fc669-6381-1cbf-24d6-f6ebbb386bc9","UserId","3a1edc89-5a1c-6370-bdf4-991fa66e508d","Legacy user reference could not be mapped"
"missing-user","AbpAuditLogs","3a1fc669-9f79-cceb-606a-0de14849a992","UserId","3a1edc89-5a1c-6370-bdf4-991fa66e508d","Legacy user reference could not be mapped"
"missing-user","AbpAuditLogs","3a1fc66b-1a14-72d4-577f-aa8308b5100c","UserId","3a1edc89-5a1c-6370-bdf4-991fa66e508d","Legacy user reference could not be mapped"
"missing-user","AbpAuditLogs","3a1fc672-f9a9-f147-837f-f277ce4fac31","UserId","3a1edc89-5a1c-6370-bdf4-991fa66e508d","Legacy user reference could not be mapped"
"missing-user","AbpAuditLogs","3a1fc677-94ae-b6e8-3751-c6560f9d7bce","UserId","3a1edc89-5a1c-6370-bdf4-991fa66e508d","Legacy user reference could not be mapped"
"missing-user","AbpAuditLogs","3a1fc677-9621-98ca-f8e4-317604dcf038","UserId","3a1edc89-5a1c-6370-bdf4-991fa66e508d","Legacy user reference could not be mapped"
"missing-user","AbpAuditLogs","3a1fc677-dcdd-47d5-d9b8-4673245f349d","UserId","3a1edc89-5a1c-6370-bdf4-991fa66e508d","Legacy user reference could not be mapped"
"missing-user","AbpAuditLogs","3a1fc677-de40-f31d-c6e6-6eed9f0fbaab","UserId","3a1edc89-5a1c-6370-bdf4-991fa66e508d","Legacy user reference could not be mapped"
"missing-user","AbpAuditLogs","3a1fc688-e4d8-d2e3-e5bb-8118d7331799","UserId","3a1edc89-5a1c-6370-bdf4-991fa66e508d","Legacy user reference could not be mapped"
"missing-user","AbpAuditLogs","3a1fc68a-5a53-daad-1ead-33b4c02ce6f9","UserId","3a1edc89-5a1c-6370-bdf4-991fa66e508d","Legacy user reference could not be mapped"
"missing-user","AbpAuditLogs","3a1fc6a0-4331-d84c-6ab1-9ef7b2644405","UserId","3a1edc89-5a1c-6370-bdf4-991fa66e508d","Legacy user reference could not be mapped"
"missing-user","AbpAuditLogs","3a1fc6a1-fe0e-3758-f980-3472a250f090","UserId","3a1edc89-5a1c-6370-bdf4-991fa66e508d","Legacy user reference could not be mapped"
"missing-user","AbpAuditLogs","3a1fc6a1-feac-0e0d-5ed1-07655805b555","UserId","3a1edc89-5a1c-6370-bdf4-991fa66e508d","Legacy user reference could not be mapped"
"missing-user","AbpAuditLogs","3a1fc6b0-fd69-cba8-f4b5-c72a75d471af","UserId","3a1edc89-5a1c-6370-bdf4-991fa66e508d","Legacy user reference could not be mapped"
"missing-user","AbpAuditLogs","3a1fc6c3-4697-c7bc-9581-4cddbbbbae81","UserId","3a1edc89-5a1c-6370-bdf4-991fa66e508d","Legacy user reference could not be mapped"
"missing-user","AbpAuditLogs","3a1fc6c3-4745-c4b2-148a-2f8218c583fe","UserId","3a1edc89-5a1c-6370-bdf4-991fa66e508d","Legacy user reference could not be mapped"
"missing-user","AbpAuditLogs","3a1fc6f7-9810-3cdb-1de8-a17f8719b122","UserId","3a1edc89-5a1c-6370-bdf4-991fa66e508d","Legacy user reference could not be mapped"
"missing-user","AbpAuditLogs","3a1fc744-3780-88c0-04d1-0375f3ffb613","UserId","3a1edc89-5a1c-6370-bdf4-991fa66e508d","Legacy user reference could not be mapped"
"missing-user","AbpAuditLogs","3a1fc744-3908-cdf3-14ab-f719cdc9d36b","UserId","3a1edc89-5a1c-6370-bdf4-991fa66e508d","Legacy user reference could not be mapped"
"missing-user","AbpAuditLogs","3a1fcbb0-0b16-60c5-7e11-12012f5b9827","UserId","3a1edc89-5a1c-6370-bdf4-991fa66e508d","Legacy user reference could not be mapped"
"missing-user","AbpAuditLogs","3a1fcbb0-2d90-43ca-4edc-046bb07bee27","UserId","3a1edc89-5a1c-6370-bdf4-991fa66e508d","Legacy user reference could not be mapped"
"missing-user","AbpAuditLogs","3a1fcbb0-4096-b99d-1505-7b8769232c6b","UserId","3a1edc89-5a1c-6370-bdf4-991fa66e508d","Legacy user reference could not be mapped"
"missing-user","AbpAuditLogs","3a1fcbc0-a269-eb9a-83fb-40acbef18421","UserId","3a1edc89-5a1c-6370-bdf4-991fa66e508d","Legacy user reference could not be mapped"
"missing-user","AbpAuditLogs","3a1fcbc0-cd6a-87d4-7fbe-a5378ae65ca8","UserId","3a1edc89-5a1c-6370-bdf4-991fa66e508d","Legacy user reference could not be mapped"
"missing-user","AbpAuditLogs","3a1fcbc1-52b1-c802-a775-e4bcd68526e7","UserId","3a1edc89-5a1c-6370-bdf4-991fa66e508d","Legacy user reference could not be mapped"
"missing-user","AbpAuditLogs","3a1fcbc2-fd80-880a-444f-34f530dfd08f","UserId","3a1edc89-5a1c-6370-bdf4-991fa66e508d","Legacy user reference could not be mapped"
"missing-user","AbpAuditLogs","3a1fcbc3-05f5-1907-d03f-705c35ad2d69","UserId","3a1edc89-5a1c-6370-bdf4-991fa66e508d","Legacy user reference could not be mapped"
"missing-user","AbpAuditLogs","3a1fcbc3-1d52-b17f-2c7d-47c2d3e4f74f","UserId","3a1edc89-5a1c-6370-bdf4-991fa66e508d","Legacy user reference could not be mapped"
"missing-user","AbpAuditLogs","3a1fcbc3-3dfe-504a-0397-a66513460aaa","UserId","3a1edc89-5a1c-6370-bdf4-991fa66e508d","Legacy user reference could not be mapped"
"missing-user","AbpAuditLogs","3a1fcbc3-4709-a9fd-5a42-9017ce4b4ea1","UserId","3a1edc89-5a1c-6370-bdf4-991fa66e508d","Legacy user reference could not be mapped"
"missing-user","AbpAuditLogs","3a1fcbc3-5bd6-1f77-c158-e9c9ab7ae85c","UserId","3a1edc89-5a1c-6370-bdf4-991fa66e508d","Legacy user reference could not be mapped"
"missing-user","AbpAuditLogs","3a1fcbc3-7c8d-d5c5-d31d-d92aaa1dec2b","UserId","3a1edc89-5a1c-6370-bdf4-991fa66e508d","Legacy user reference could not be mapped"
"missing-user","AbpAuditLogs","3a1fcbc8-3d7e-cff8-b52b-fe06fa806a91","UserId","3a1edc89-5a1c-6370-bdf4-991fa66e508d","Legacy user reference could not be mapped"
"missing-user","AbpAuditLogs","3a1fcbcc-31b2-928e-1920-3e5504b49edd","UserId","3a1edc89-5a1c-6370-bdf4-991fa66e508d","Legacy user reference could not be mapped"
"missing-user","AbpAuditLogs","3a1fcbcc-3c31-3b7d-43a6-4d9729d3e24c","UserId","3a1edc89-5a1c-6370-bdf4-991fa66e508d","Legacy user reference could not be mapped"
"missing-user","AbpAuditLogs","3a1fcbcc-6452-4f3e-51c3-212d7ceecd34","UserId","3a1edc89-5a1c-6370-bdf4-991fa66e508d","Legacy user reference could not be mapped"
"missing-user","AbpAuditLogs","3a1fcbcc-aa60-9d9f-f285-a726df815c53","UserId","3a1edc89-5a1c-6370-bdf4-991fa66e508d","Legacy user reference could not be mapped"
"missing-user","AbpAuditLogs","3a1fcbcc-c584-f543-2f8f-f3cbd361a1c7","UserId","3a1edc89-5a1c-6370-bdf4-991fa66e508d","Legacy user reference could not be mapped"
"missing-user","AbpAuditLogs","3a1fcf12-573a-340a-8cc7-285fe1e4458f","UserId","3a1edc89-5a1c-6370-bdf4-991fa66e508d","Legacy user reference could not be mapped"
"missing-user","AbpAuditLogs","3a1fcf12-573a-fd2b-5d80-bab16701eb14","UserId","3a1edc89-5a1c-6370-bdf4-991fa66e508d","Legacy user reference could not be mapped"
"missing-user","AbpAuditLogs","3a1fd569-de8c-0fa7-c496-b03644906b1c","UserId","3a1edc89-5a1c-6370-bdf4-991fa66e508d","Legacy user reference could not be mapped"
"missing-user","AbpAuditLogs","3a1fd56c-8f5e-7e54-80a1-cb42317fea12","UserId","3a1edc89-5a1c-6370-bdf4-991fa66e508d","Legacy user reference could not be mapped"
"missing-user","AbpAuditLogs","3a1fd56c-8f79-1216-ba03-274c93f3fb40","UserId","3a1edc89-5a1c-6370-bdf4-991fa66e508d","Legacy user reference could not be mapped"
"missing-user","AbpAuditLogs","3a1fd56c-b02a-a1ea-0384-79489d4430f6","UserId","3a1edc89-5a1c-6370-bdf4-991fa66e508d","Legacy user reference could not be mapped"
"missing-user","AbpAuditLogs","3a1fd56d-4b76-1777-1768-8c79bc54eba7","UserId","3a1edc89-5a1c-6370-bdf4-991fa66e508d","Legacy user reference could not be mapped"
"missing-user","AbpAuditLogs","3a1fd56d-4e4d-c176-7f31-feb426899c04","UserId","3a1edc89-5a1c-6370-bdf4-991fa66e508d","Legacy user reference could not be mapped"
"missing-user","AbpAuditLogs","3a1fd571-bf90-85a5-94ce-70552ceb8dac","UserId","3a1edc89-5a1c-6370-bdf4-991fa66e508d","Legacy user reference could not be mapped"
"missing-user","AbpAuditLogs","3a1fd571-e5de-a309-9c7c-12a2e74b43a8","UserId","3a1edc89-5a1c-6370-bdf4-991fa66e508d","Legacy user reference could not be mapped"
"missing-user","AbpAuditLogs","3a1fd574-615f-7fa3-de69-70345d5c5e60","UserId","3a1edc89-5a1c-6370-bdf4-991fa66e508d","Legacy user reference could not be mapped"
"missing-user","AbpAuditLogs","3a1fd588-b91c-a0db-aa4f-e17fecdeb476","UserId","3a1edc89-5a1c-6370-bdf4-991fa66e508d","Legacy user reference could not be mapped"
"missing-user","AbpAuditLogs","3a1fd588-f558-dc2b-e5de-868852c20df8","UserId","3a1edc89-5a1c-6370-bdf4-991fa66e508d","Legacy user reference could not be mapped"
"missing-user","AbpAuditLogs","3a1fd589-001d-3ff5-5682-6a6a2f9e1565","UserId","3a1edc89-5a1c-6370-bdf4-991fa66e508d","Legacy user reference could not be mapped"
"missing-user","AbpAuditLogs","3a1fd58c-61e7-df84-7f10-fdcc08ae9c6a","UserId","3a1edc89-5a1c-6370-bdf4-991fa66e508d","Legacy user reference could not be mapped"
"missing-user","AbpAuditLogs","3a1fd58f-c346-8584-f7e1-1b313bcd4718","UserId","3a1edc89-5a1c-6370-bdf4-991fa66e508d","Legacy user reference could not be mapped"
"missing-user","AbpAuditLogs","3a1fd58f-f9ec-8aa4-2d4d-08ebc582ecba","UserId","3a1edc89-5a1c-6370-bdf4-991fa66e508d","Legacy user reference could not be mapped"
"missing-user","AbpAuditLogs","3a1fd590-25f1-3b96-be27-4e6f7505cc70","UserId","3a1edc89-5a1c-6370-bdf4-991fa66e508d","Legacy user reference could not be mapped"
"missing-user","AbpAuditLogs","3a1fd590-4f56-be3e-5d1d-8909a297bb0a","UserId","3a1edc89-5a1c-6370-bdf4-991fa66e508d","Legacy user reference could not be mapped"
"missing-user","AbpAuditLogs","3a1fd591-29c1-e7b8-b826-96eeef73736f","UserId","3a1edc89-5a1c-6370-bdf4-991fa66e508d","Legacy user reference could not be mapped"
"missing-user","AbpAuditLogs","3a1fd592-efa0-af4f-53de-ff53936eafd5","UserId","3a1edc89-5a1c-6370-bdf4-991fa66e508d","Legacy user reference could not be mapped"
"missing-user","AbpAuditLogs","3a1fd59a-0d51-46c0-7f79-ab326a6a4052","UserId","3a1edc89-5a1c-6370-bdf4-991fa66e508d","Legacy user reference could not be mapped"
"missing-user","AbpAuditLogs","3a1fd59a-ce3a-bdbc-5f5a-cd83bfb8f573","UserId","3a1edc89-5a1c-6370-bdf4-991fa66e508d","Legacy user reference could not be mapped"
"missing-user","AbpAuditLogs","3a1fd59a-da73-d5f9-297b-8c5b66e72042","UserId","3a1edc89-5a1c-6370-bdf4-991fa66e508d","Legacy user reference could not be mapped"
"missing-user","AbpAuditLogs","3a1fd59a-fbce-3a3d-4d0a-191577243d30","UserId","3a1edc89-5a1c-6370-bdf4-991fa66e508d","Legacy user reference could not be mapped"
"missing-user","AbpAuditLogs","3a1fd59b-07df-9d3c-d510-c4ffcb0f8f37","UserId","3a1edc89-5a1c-6370-bdf4-991fa66e508d","Legacy user reference could not be mapped"
"missing-user","AbpAuditLogs","3a1fd59b-3307-8d4a-8235-4decdb9e61e7","UserId","3a1edc89-5a1c-6370-bdf4-991fa66e508d","Legacy user reference could not be mapped"
"missing-user","AbpAuditLogs","3a1fd59b-3f76-c0b7-4cdb-cfb83f9fabd2","UserId","3a1edc89-5a1c-6370-bdf4-991fa66e508d","Legacy user reference could not be mapped"
"missing-user","AbpAuditLogs","3a1fd59d-3b11-fc27-fd7a-05ea91436f53","UserId","3a1edc89-5a1c-6370-bdf4-991fa66e508d","Legacy user reference could not be mapped"
"missing-user","AbpAuditLogs","3a1fd59f-173d-ae14-cf17-a384022d11a9","UserId","3a1edc89-5a1c-6370-bdf4-991fa66e508d","Legacy user reference could not be mapped"
"missing-user","AbpAuditLogs","3a1fd59f-214c-3cc6-130f-d7b0be8adddf","UserId","3a1edc89-5a1c-6370-bdf4-991fa66e508d","Legacy user reference could not be mapped"
"missing-user","AbpAuditLogs","3a1fd59f-31e4-2d6c-6a61-e1a947fe8631","UserId","3a1edc89-5a1c-6370-bdf4-991fa66e508d","Legacy user reference could not be mapped"
"missing-user","AbpAuditLogs","3a1fd59f-40f9-16a3-dbd7-4962e812774a","UserId","3a1edc89-5a1c-6370-bdf4-991fa66e508d","Legacy user reference could not be mapped"
"missing-user","AbpAuditLogs","3a1fd59f-cbbd-f80c-1279-7e53b12464f2","UserId","3a1edc89-5a1c-6370-bdf4-991fa66e508d","Legacy user reference could not be mapped"
"missing-user","AbpAuditLogs","3a1fd5bb-5ee8-4df0-9065-06c4b917c587","UserId","3a1edc89-5a1c-6370-bdf4-991fa66e508d","Legacy user reference could not be mapped"
"missing-user","AbpAuditLogs","3a1fd5bc-1bda-1d80-acb7-f20be2b2818f","UserId","3a1edc89-5a1c-6370-bdf4-991fa66e508d","Legacy user reference could not be mapped"
"missing-user","AbpAuditLogs","3a1fd5bc-50e6-58fb-c83e-377682d57b90","UserId","3a1edc89-5a1c-6370-bdf4-991fa66e508d","Legacy user reference could not be mapped"
"missing-user","AbpAuditLogs","3a1fd5bc-76f1-fdb6-5c89-bd60871e7897","UserId","3a1edc89-5a1c-6370-bdf4-991fa66e508d","Legacy user reference could not be mapped"
"missing-user","AbpAuditLogs","3a1fd5bc-a1bd-7335-dfc2-129948604da6","UserId","3a1edc89-5a1c-6370-bdf4-991fa66e508d","Legacy user reference could not be mapped"
"missing-user","AbpAuditLogs","3a1fd5bc-cbc9-e7ef-dbec-cc2f59bc5090","UserId","3a1edc89-5a1c-6370-bdf4-991fa66e508d","Legacy user reference could not be mapped"
"missing-user","AbpAuditLogs","3a1fd5bc-e13d-dfc7-288e-aa60c39e7cd2","UserId","3a1edc89-5a1c-6370-bdf4-991fa66e508d","Legacy user reference could not be mapped"
"missing-user","AbpAuditLogs","3a1fd5bd-a648-b198-72c2-a6767be027ce","UserId","3a1edc89-5a1c-6370-bdf4-991fa66e508d","Legacy user reference could not be mapped"
"missing-user","AbpAuditLogs","3a1fd5be-0246-9300-2405-b47f770c224c","UserId","3a1edc89-5a1c-6370-bdf4-991fa66e508d","Legacy user reference could not be mapped"
"missing-user","AbpAuditLogs","3a1fd5be-48d0-7909-83b1-ab7bc8af6f55","UserId","3a1edc89-5a1c-6370-bdf4-991fa66e508d","Legacy user reference could not be mapped"
"missing-user","AbpAuditLogs","3a1fd5be-5c93-0a39-523e-6ab14ca52807","UserId","3a1edc89-5a1c-6370-bdf4-991fa66e508d","Legacy user reference could not be mapped"
"missing-user","AbpAuditLogs","3a1fd5be-6fbc-49f1-5f3c-ffa62171388b","UserId","3a1edc89-5a1c-6370-bdf4-991fa66e508d","Legacy user reference could not be mapped"
"missing-user","AbpAuditLogs","3a1fd5be-d339-4e29-48fc-0f2da1c9eb68","UserId","3a1edc89-5a1c-6370-bdf4-991fa66e508d","Legacy user reference could not be mapped"
"missing-user","AbpAuditLogs","3a1fd5be-e2c8-aa1a-6198-ceee973f97ac","UserId","3a1edc89-5a1c-6370-bdf4-991fa66e508d","Legacy user reference could not be mapped"
"missing-user","AbpAuditLogs","3a1fd5be-ed28-4712-6df0-5306eac35547","UserId","3a1edc89-5a1c-6370-bdf4-991fa66e508d","Legacy user reference could not be mapped"
"missing-user","AbpAuditLogs","3a1fd5be-f81f-cef7-4d0f-63ba69e29f2c","UserId","3a1edc89-5a1c-6370-bdf4-991fa66e508d","Legacy user reference could not be mapped"
"missing-user","AbpAuditLogs","3a1fd5c4-b237-98ef-e5e7-87249045bd79","UserId","3a1edc89-5a1c-6370-bdf4-991fa66e508d","Legacy user reference could not be mapped"
"missing-user","AbpAuditLogs","3a1fd5c4-da7d-151b-9c8f-3325f938e914","UserId","3a1edc89-5a1c-6370-bdf4-991fa66e508d","Legacy user reference could not be mapped"
"missing-user","AbpAuditLogs","3a1fd5c4-dc27-0b54-1891-9836cfe46e23","UserId","3a1edc89-5a1c-6370-bdf4-991fa66e508d","Legacy user reference could not be mapped"
"missing-user","AbpAuditLogs","3a1fd5c5-2bc2-208e-c494-24f15007406c","UserId","3a1edc89-5a1c-6370-bdf4-991fa66e508d","Legacy user reference could not be mapped"
"missing-user","AbpAuditLogs","3a1fd5c5-3cd6-0f5b-f5b7-eeb0c60322e5","UserId","3a1edc89-5a1c-6370-bdf4-991fa66e508d","Legacy user reference could not be mapped"
"missing-user","AbpAuditLogs","3a1fd5d2-7312-4a96-f217-7ff9840e216a","UserId","3a1edc89-5a1c-6370-bdf4-991fa66e508d","Legacy user reference could not be mapped"
"missing-user","AbpAuditLogs","3a1fd5d2-cd40-9653-32e9-7c0acbc8eeef","UserId","3a1edc89-5a1c-6370-bdf4-991fa66e508d","Legacy user reference could not be mapped"
"missing-user","AbpAuditLogs","3a1fd8ca-74b9-f615-6aeb-ba5b51bcf543","UserId","3a1edc89-5a1c-6370-bdf4-991fa66e508d","Legacy user reference could not be mapped"
"missing-user","AbpAuditLogs","3a1fd8ca-8907-a1a6-32ff-6a58c47ff8f0","UserId","3a1edc89-5a1c-6370-bdf4-991fa66e508d","Legacy user reference could not be mapped"
"missing-user","AbpAuditLogs","3a1fd95a-b376-f23b-3557-7cffc7daafbb","UserId","3a1edc89-5a1c-6370-bdf4-991fa66e508d","Legacy user reference could not be mapped"
"missing-user","AbpAuditLogs","3a1fd95a-c3dd-db95-e810-ec4cddfaf984","UserId","3a1edc89-5a1c-6370-bdf4-991fa66e508d","Legacy user reference could not be mapped"
"missing-user","AbpAuditLogs","3a1fd95a-c3df-7f4a-66e9-b9741adcc69a","UserId","3a1edc89-5a1c-6370-bdf4-991fa66e508d","Legacy user reference could not be mapped"
"missing-user","AbpAuditLogs","3a1fd993-6799-a16f-e33e-e857c7b0ec38","UserId","3a1edc89-5a1c-6370-bdf4-991fa66e508d","Legacy user reference could not be mapped"
"missing-user","AbpAuditLogs","3a1fd993-77d7-0d6e-c47e-83f41ef17f5f","UserId","3a1edc89-5a1c-6370-bdf4-991fa66e508d","Legacy user reference could not be mapped"
"missing-user","AbpAuditLogs","3a1fd993-8fc3-97ef-88d3-3528bbd7871c","UserId","3a1edc89-5a1c-6370-bdf4-991fa66e508d","Legacy user reference could not be mapped"
"missing-user","AbpAuditLogs","3a1fd9d4-19e5-a8cb-a822-1cc6d781dd0c","UserId","3a1edc89-5a1c-6370-bdf4-991fa66e508d","Legacy user reference could not be mapped"
"missing-user","AbpAuditLogs","3a1fd9d4-1b65-12d0-19df-cbd345bf355c","UserId","3a1edc89-5a1c-6370-bdf4-991fa66e508d","Legacy user reference could not be mapped"
"missing-user","AbpAuditLogs","3a1fda89-3e06-e6f7-3b3b-20c86279fd94","UserId","3a1edc89-5a1c-6370-bdf4-991fa66e508d","Legacy user reference could not be mapped"
"missing-user","AbpAuditLogs","3a1fda8f-4a19-b81b-21fd-bb1a00357c83","UserId","3a1edc89-5a1c-6370-bdf4-991fa66e508d","Legacy user reference could not be mapped"
"missing-user","AbpAuditLogs","3a1fda8f-7dd6-ec11-ae89-44abc6ba7eed","UserId","3a1edc89-5a1c-6370-bdf4-991fa66e508d","Legacy user reference could not be mapped"
"missing-user","AbpAuditLogs","3a1fda8f-96f9-4da7-56c1-f0e2985625bc","UserId","3a1edc89-5a1c-6370-bdf4-991fa66e508d","Legacy user reference could not be mapped"
"missing-user","AbpAuditLogs","3a1fda8f-9efd-40b2-f5d8-d390c68cd325","UserId","3a1edc89-5a1c-6370-bdf4-991fa66e508d","Legacy user reference could not be mapped"
"missing-user","AbpAuditLogs","3a1fda8f-c4f8-0f99-44c8-800a07131b11","UserId","3a1edc89-5a1c-6370-bdf4-991fa66e508d","Legacy user reference could not be mapped"
"missing-user","AbpAuditLogs","3a1fda90-ae28-f0d7-8bdd-c79069c321e9","UserId","3a1edc89-5a1c-6370-bdf4-991fa66e508d","Legacy user reference could not be mapped"
"missing-user","AbpAuditLogs","3a1fda91-7d59-23d5-835c-cc1928214549","UserId","3a1edc89-5a1c-6370-bdf4-991fa66e508d","Legacy user reference could not be mapped"
"missing-user","AbpAuditLogs","3a1fda91-8720-2546-581f-c5b0e98ddb10","UserId","3a1edc89-5a1c-6370-bdf4-991fa66e508d","Legacy user reference could not be mapped"
"missing-user","AbpAuditLogs","3a1fda92-cf0d-773e-e976-a70e09e58733","UserId","3a1edc89-5a1c-6370-bdf4-991fa66e508d","Legacy user reference could not be mapped"
"missing-user","AbpAuditLogs","3a1fda9c-9634-dd58-2beb-a484bf3d8c42","UserId","3a1edc89-5a1c-6370-bdf4-991fa66e508d","Legacy user reference could not be mapped"
"missing-user","AbpAuditLogs","3a1fda9c-d25a-e93d-60ca-fab8df96b2ad","UserId","3a1edc89-5a1c-6370-bdf4-991fa66e508d","Legacy user reference could not be mapped"
"missing-user","AbpAuditLogs","3a1fda9c-efad-90af-f634-73b20e625037","UserId","3a1edc89-5a1c-6370-bdf4-991fa66e508d","Legacy user reference could not be mapped"
"missing-user","AbpAuditLogs","3a1fda9d-4348-e2ff-b2d1-cf906bd37af0","UserId","3a1edc89-5a1c-6370-bdf4-991fa66e508d","Legacy user reference could not be mapped"
"missing-user","AbpAuditLogs","3a1fda9e-82ab-bcdf-50e6-9a729e4edf24","UserId","3a1edc89-5a1c-6370-bdf4-991fa66e508d","Legacy user reference could not be mapped"
"missing-user","AbpAuditLogs","3a1fda9e-cd67-1857-0848-d81425a31124","UserId","3a1edc89-5a1c-6370-bdf4-991fa66e508d","Legacy user reference could not be mapped"
"missing-user","AbpAuditLogs","3a1fda9e-e62b-b0fc-a497-19d2e6704647","UserId","3a1edc89-5a1c-6370-bdf4-991fa66e508d","Legacy user reference could not be mapped"
"missing-user","AbpAuditLogs","3a1fda9e-ee7f-6d3c-edfc-6f77d03cf372","UserId","3a1edc89-5a1c-6370-bdf4-991fa66e508d","Legacy user reference could not be mapped"
"missing-user","AbpAuditLogs","3a1fdaaa-7c24-17ab-3220-e8adc4cc13b4","UserId","3a1edc89-5a1c-6370-bdf4-991fa66e508d","Legacy user reference could not be mapped"
"missing-user","AbpAuditLogs","3a1fdaad-65f7-e869-a967-56b23f723677","UserId","3a1edc89-5a1c-6370-bdf4-991fa66e508d","Legacy user reference could not be mapped"
"missing-user","AbpAuditLogs","3a1fdaad-8bfb-7c0f-27f3-7f825adb973a","UserId","3a1edc89-5a1c-6370-bdf4-991fa66e508d","Legacy user reference could not be mapped"
"missing-user","AbpAuditLogs","3a1fdaae-66bb-23bd-65d7-a3209d5d298c","UserId","3a1edc89-5a1c-6370-bdf4-991fa66e508d","Legacy user reference could not be mapped"
"missing-user","AbpAuditLogs","3a1fdab0-08be-bbea-fb5e-790ffb0d9851","UserId","3a1edc89-5a1c-6370-bdf4-991fa66e508d","Legacy user reference could not be mapped"
"missing-user","AbpAuditLogs","3a1fdab0-2a0d-2a4e-1f7c-bc33c837bd4a","UserId","3a1edc89-5a1c-6370-bdf4-991fa66e508d","Legacy user reference could not be mapped"
"missing-user","AbpAuditLogs","3a1fdab0-6fa8-f5a1-9ef0-2f37215afdc7","UserId","3a1edc89-5a1c-6370-bdf4-991fa66e508d","Legacy user reference could not be mapped"
"missing-user","AbpAuditLogs","3a1fdab2-2277-a8df-b2c4-dbe396882c83","UserId","3a1edc89-5a1c-6370-bdf4-991fa66e508d","Legacy user reference could not be mapped"
"missing-user","AbpAuditLogs","3a1fdab3-28bc-1e79-0ab5-c84a59219304","UserId","3a1edc89-5a1c-6370-bdf4-991fa66e508d","Legacy user reference could not be mapped"
"missing-user","AbpAuditLogs","3a1fdab3-481d-aea2-439c-c2f690802c22","UserId","3a1edc89-5a1c-6370-bdf4-991fa66e508d","Legacy user reference could not be mapped"
"missing-user","AbpAuditLogs","3a1fdab3-539f-caa7-2ccc-45933844c291","UserId","3a1edc89-5a1c-6370-bdf4-991fa66e508d","Legacy user reference could not be mapped"
"missing-user","AbpAuditLogs","3a1fdab3-7d31-5172-7e01-ec4b21baf3ae","UserId","3a1edc89-5a1c-6370-bdf4-991fa66e508d","Legacy user reference could not be mapped"
"missing-user","AbpAuditLogs","3a1fdab3-8658-8212-774b-f765b5bd63ad","UserId","3a1edc89-5a1c-6370-bdf4-991fa66e508d","Legacy user reference could not be mapped"
"missing-user","AbpAuditLogs","3a1fdab5-1dd2-aec4-55ae-4d50957604ca","UserId","3a1edc89-5a1c-6370-bdf4-991fa66e508d","Legacy user reference could not be mapped"
"missing-user","AbpAuditLogs","3a1fdab5-8bb7-9463-efb5-d813ee7e8809","UserId","3a1edc89-5a1c-6370-bdf4-991fa66e508d","Legacy user reference could not be mapped"
"missing-user","AbpAuditLogs","3a1fdab5-f29c-97a6-c887-aeeb4a99cfa3","UserId","3a1edc89-5a1c-6370-bdf4-991fa66e508d","Legacy user reference could not be mapped"
"missing-user","AbpAuditLogs","3a1fdab6-104d-56eb-d93b-eea2f5d7c24a","UserId","3a1edc89-5a1c-6370-bdf4-991fa66e508d","Legacy user reference could not be mapped"
"missing-user","AbpAuditLogs","3a1fdab6-1a9e-2ca1-e196-87e8fe5d8265","UserId","3a1edc89-5a1c-6370-bdf4-991fa66e508d","Legacy user reference could not be mapped"
"missing-user","AbpAuditLogs","3a1fdac0-a86d-7ece-29bf-d336d95fd62a","UserId","3a1edc89-5a1c-6370-bdf4-991fa66e508d","Legacy user reference could not be mapped"
"missing-user","AbpAuditLogs","3a1fdac0-ac7e-0434-30ab-10b942862a8f","UserId","3a1edc89-5a1c-6370-bdf4-991fa66e508d","Legacy user reference could not be mapped"
"missing-user","AbpAuditLogs","3a1fdac0-cc56-e5f8-dfa4-76e02b3de689","UserId","3a1edc89-5a1c-6370-bdf4-991fa66e508d","Legacy user reference could not be mapped"
"missing-user","AbpAuditLogs","3a1fdb5e-c331-6909-090d-6d865afacbda","UserId","3a1edc89-5a1c-6370-bdf4-991fa66e508d","Legacy user reference could not be mapped"
"missing-user","AbpAuditLogs","3a1fdb60-8b79-8479-ed10-fb7380344b82","UserId","3a1edc89-5a1c-6370-bdf4-991fa66e508d","Legacy user reference could not be mapped"
"missing-user","AbpAuditLogs","3a1fdb60-bde3-4df3-ac71-839c0cad8a72","UserId","3a1edc89-5a1c-6370-bdf4-991fa66e508d","Legacy user reference could not be mapped"
"missing-user","AbpAuditLogs","3a1fdb60-d60f-1667-ba35-5c3e2189ab61","UserId","3a1edc89-5a1c-6370-bdf4-991fa66e508d","Legacy user reference could not be mapped"
"missing-user","AbpAuditLogs","3a1fe300-8faa-891f-6611-870cbac6890c","UserId","3a1edc89-5a1c-6370-bdf4-991fa66e508d","Legacy user reference could not be mapped"
"missing-user","AbpAuditLogs","3a1fe300-a110-9c71-35aa-ba1d2cf0d5c6","UserId","3a1edc89-5a1c-6370-bdf4-991fa66e508d","Legacy user reference could not be mapped"
"missing-user","AbpAuditLogs","3a1fe303-0a63-9266-ed34-70032919f981","UserId","3a1edc89-5a1c-6370-bdf4-991fa66e508d","Legacy user reference could not be mapped"
"missing-user","AbpAuditLogs","3a1fe303-4f04-6b5b-6025-cca10479fb8c","UserId","3a1edc89-5a1c-6370-bdf4-991fa66e508d","Legacy user reference could not be mapped"
"missing-user","AbpAuditLogs","3a1fe303-6d14-ed3e-ca7b-43c74c12d777","UserId","3a1edc89-5a1c-6370-bdf4-991fa66e508d","Legacy user reference could not be mapped"
"missing-user","AbpAuditLogs","3a1fe305-40b4-e1fd-67cd-365cb1dc9953","UserId","3a1edc89-5a1c-6370-bdf4-991fa66e508d","Legacy user reference could not be mapped"
"missing-user","AbpAuditLogs","3a1fe308-7df3-575f-e83d-b94387aad8e7","UserId","3a1edc89-5a1c-6370-bdf4-991fa66e508d","Legacy user reference could not be mapped"
"missing-user","AbpAuditLogs","3a1fe308-cd07-7985-d867-6fb2d392d695","UserId","3a1edc89-5a1c-6370-bdf4-991fa66e508d","Legacy user reference could not be mapped"
"missing-user","AbpAuditLogs","3a1fe308-f907-b7ee-af53-37ca54f9288c","UserId","3a1edc89-5a1c-6370-bdf4-991fa66e508d","Legacy user reference could not be mapped"
"missing-user","AbpAuditLogs","3a1fe30a-e269-f997-add6-bf7b9e264963","UserId","3a1edc89-5a1c-6370-bdf4-991fa66e508d","Legacy user reference could not be mapped"
"missing-user","AbpAuditLogs","3a1fe30b-145a-f0a0-bbd8-b2c0a88a0eaa","UserId","3a1edc89-5a1c-6370-bdf4-991fa66e508d","Legacy user reference could not be mapped"
"missing-user","AbpAuditLogs","3a1fe30b-b508-9b85-e8a0-68c0ee694095","UserId","3a1edc89-5a1c-6370-bdf4-991fa66e508d","Legacy user reference could not be mapped"
"missing-user","AbpAuditLogs","3a1fe30d-124b-cf01-83c2-abe96f7c74ba","UserId","3a1edc89-5a1c-6370-bdf4-991fa66e508d","Legacy user reference could not be mapped"
"missing-user","AbpAuditLogs","3a1fe314-cd78-b156-281e-40eb4377fa9a","UserId","3a1edc89-5a1c-6370-bdf4-991fa66e508d","Legacy user reference could not be mapped"
"missing-user","AbpAuditLogs","3a1fe316-314f-84e2-26ac-f78d24ec37ae","UserId","3a1edc89-5a1c-6370-bdf4-991fa66e508d","Legacy user reference could not be mapped"
"missing-user","AbpAuditLogs","3a1fe316-a768-c59e-0a0c-7154a656e5aa","UserId","3a1edc89-5a1c-6370-bdf4-991fa66e508d","Legacy user reference could not be mapped"
"missing-user","AbpAuditLogs","3a1fe316-e780-6f98-31d5-273b56afd25b","UserId","3a1edc89-5a1c-6370-bdf4-991fa66e508d","Legacy user reference could not be mapped"
"missing-user","AbpAuditLogs","3a1fe317-10ab-ae33-0af9-c42dd913da91","UserId","3a1edc89-5a1c-6370-bdf4-991fa66e508d","Legacy user reference could not be mapped"
"missing-user","AbpAuditLogs","3a1fe318-e617-187a-f36d-461f501c4491","UserId","3a1edc89-5a1c-6370-bdf4-991fa66e508d","Legacy user reference could not be mapped"
"missing-user","AbpAuditLogs","3a1fe319-11a2-592a-2ccb-ddd4f283208f","UserId","3a1edc89-5a1c-6370-bdf4-991fa66e508d","Legacy user reference could not be mapped"
"missing-user","AbpAuditLogs","3a1fe31a-bb9a-03c4-6a75-6a04688d8a31","UserId","3a1edc89-5a1c-6370-bdf4-991fa66e508d","Legacy user reference could not be mapped"
"missing-user","AbpAuditLogs","3a1fe31a-dbb0-5e23-8f4b-44ca1ef83f35","UserId","3a1edc89-5a1c-6370-bdf4-991fa66e508d","Legacy user reference could not be mapped"
"missing-user","AbpAuditLogs","3a1fe31b-44cc-94ea-0bb9-9b191019bb9d","UserId","3a1edc89-5a1c-6370-bdf4-991fa66e508d","Legacy user reference could not be mapped"
"missing-user","AbpAuditLogs","3a1fe31b-5f37-dff3-65d7-dfb10e37583d","UserId","3a1edc89-5a1c-6370-bdf4-991fa66e508d","Legacy user reference could not be mapped"
"missing-user","AbpAuditLogs","3a1fe31b-7766-880b-ee4b-0a38f47583f5","UserId","3a1edc89-5a1c-6370-bdf4-991fa66e508d","Legacy user reference could not be mapped"
"missing-user","AbpAuditLogs","3a1fe31b-9511-f452-e208-d35bd30380b0","UserId","3a1edc89-5a1c-6370-bdf4-991fa66e508d","Legacy user reference could not be mapped"
"missing-user","AbpAuditLogs","3a1fe31d-1bc6-ef24-3eac-eee3139300c3","UserId","3a1edc89-5a1c-6370-bdf4-991fa66e508d","Legacy user reference could not be mapped"
"missing-user","AbpAuditLogs","3a1fe325-4e3a-41e9-cd7b-4e5623816c40","UserId","3a1edc89-5a1c-6370-bdf4-991fa66e508d","Legacy user reference could not be mapped"
"missing-user","AbpAuditLogs","3a1fe325-5bc3-e92d-e7f8-96b585315bbe","UserId","3a1edc89-5a1c-6370-bdf4-991fa66e508d","Legacy user reference could not be mapped"
"missing-user","AbpAuditLogs","3a1fe40c-f4c9-e742-5ccc-097dfcedfdcd","UserId","3a1edc89-5a1c-6370-bdf4-991fa66e508d","Legacy user reference could not be mapped"
"missing-user","AbpAuditLogs","3a1fe411-6101-ff43-55d5-1bbc445c1189","UserId","3a1edc89-5a1c-6370-bdf4-991fa66e508d","Legacy user reference could not be mapped"
"missing-user","AbpAuditLogs","3a1fe413-c08b-67cc-27c0-4f61412611d5","UserId","3a1edc89-5a1c-6370-bdf4-991fa66e508d","Legacy user reference could not be mapped"
"missing-user","AbpAuditLogs","3a1fe413-e595-e956-e294-bd5e7334b186","UserId","3a1edc89-5a1c-6370-bdf4-991fa66e508d","Legacy user reference could not be mapped"
"missing-user","AbpAuditLogs","3a1fe413-e607-762a-eb38-92f989d084ce","UserId","3a1edc89-5a1c-6370-bdf4-991fa66e508d","Legacy user reference could not be mapped"
"missing-user","AbpAuditLogs","3a1fe413-e64b-6165-d135-fcf60fe895eb","UserId","3a1edc89-5a1c-6370-bdf4-991fa66e508d","Legacy user reference could not be mapped"
"missing-user","AbpAuditLogs","3a1fe413-e686-33c1-671e-493b5a508698","UserId","3a1edc89-5a1c-6370-bdf4-991fa66e508d","Legacy user reference could not be mapped"
"missing-user","AbpAuditLogs","3a1fe413-e692-52cd-ce96-d2c7bcd50e19","UserId","3a1edc89-5a1c-6370-bdf4-991fa66e508d","Legacy user reference could not be mapped"
"missing-user","AbpAuditLogs","3a1fe41a-54b4-6bdc-5574-d54948f63c39","UserId","3a1edc89-5a1c-6370-bdf4-991fa66e508d","Legacy user reference could not be mapped"
"missing-user","AbpAuditLogs","3a1fe41d-4711-ca07-87b2-077184dd9565","UserId","3a1edc89-5a1c-6370-bdf4-991fa66e508d","Legacy user reference could not be mapped"
"missing-user","AbpAuditLogs","3a1fe41d-7d46-4805-e020-e1203e33e8a1","UserId","3a1edc89-5a1c-6370-bdf4-991fa66e508d","Legacy user reference could not be mapped"
"missing-user","AbpAuditLogs","3a1fe41d-9fa3-925f-7b65-41917bfd7df8","UserId","3a1edc89-5a1c-6370-bdf4-991fa66e508d","Legacy user reference could not be mapped"
"missing-user","AbpAuditLogs","3a1fe41d-c062-97d4-86c1-d69869221226","UserId","3a1edc89-5a1c-6370-bdf4-991fa66e508d","Legacy user reference could not be mapped"
"missing-user","AbpAuditLogs","3a1fe41d-d0eb-909b-ed34-c36a3c9483bb","UserId","3a1edc89-5a1c-6370-bdf4-991fa66e508d","Legacy user reference could not be mapped"
"missing-user","AbpAuditLogs","3a1fe41f-1603-0723-bd85-50cced121488","UserId","3a1edc89-5a1c-6370-bdf4-991fa66e508d","Legacy user reference could not be mapped"
"missing-user","AbpAuditLogs","3a1fe425-7a5d-1ad6-4a8e-fe2d9b69a2f4","UserId","3a1edc89-5a1c-6370-bdf4-991fa66e508d","Legacy user reference could not be mapped"
"missing-user","AbpAuditLogs","3a1fe425-8983-072a-868d-f869392570e5","UserId","3a1edc89-5a1c-6370-bdf4-991fa66e508d","Legacy user reference could not be mapped"
"missing-user","AbpAuditLogs","3a1fe425-a39c-0885-b2fa-fee8b14357ef","UserId","3a1edc89-5a1c-6370-bdf4-991fa66e508d","Legacy user reference could not be mapped"
"missing-user","AbpAuditLogs","3a1fe42e-e020-d074-bf97-ae85d2c85307","UserId","3a1edc89-5a1c-6370-bdf4-991fa66e508d","Legacy user reference could not be mapped"
"missing-user","AbpAuditLogs","3a1fe436-0751-14d2-dac4-6982a176ce49","UserId","3a1edc89-5a1c-6370-bdf4-991fa66e508d","Legacy user reference could not be mapped"
"missing-user","AbpAuditLogs","3a1fe493-0c52-24ad-23f0-40e2b6a06098","UserId","3a1edc89-5a1c-6370-bdf4-991fa66e508d","Legacy user reference could not be mapped"
"missing-user","AbpAuditLogs","3a1fe493-30a6-fa98-c48d-99eaf87615e5","UserId","3a1edc89-5a1c-6370-bdf4-991fa66e508d","Legacy user reference could not be mapped"
"missing-user","AbpAuditLogs","3a1fe493-3264-5043-f072-d617b57c003b","UserId","3a1edc89-5a1c-6370-bdf4-991fa66e508d","Legacy user reference could not be mapped"
"missing-user","AbpAuditLogs","3a1fe4af-8c3d-398a-a783-3e1e5391d83e","UserId","3a1edc89-5a1c-6370-bdf4-991fa66e508d","Legacy user reference could not be mapped"
"missing-user","AbpAuditLogs","3a1fe4b1-5751-799c-67fb-51b307e274a6","UserId","3a1edc89-5a1c-6370-bdf4-991fa66e508d","Legacy user reference could not be mapped"
"missing-user","AbpAuditLogs","3a1fe4b1-a742-d32a-3e5e-8861739395f6","UserId","3a1edc89-5a1c-6370-bdf4-991fa66e508d","Legacy user reference could not be mapped"
"missing-user","AbpAuditLogs","3a1fe4b2-e77a-a819-002d-ad5630dfa4b7","UserId","3a1edc89-5a1c-6370-bdf4-991fa66e508d","Legacy user reference could not be mapped"
"missing-user","AbpAuditLogs","3a1fe4b5-3404-634a-ba30-ae39c10e2ee3","UserId","3a1edc89-5a1c-6370-bdf4-991fa66e508d","Legacy user reference could not be mapped"
"missing-user","AbpAuditLogs","3a1fe4bc-3e95-07b7-12dd-affee8c7e0e5","UserId","3a1edc89-5a1c-6370-bdf4-991fa66e508d","Legacy user reference could not be mapped"
"missing-user","AbpAuditLogs","3a1fe4c1-db60-0864-64de-31f0fafbc7a2","UserId","3a1edc89-5a1c-6370-bdf4-991fa66e508d","Legacy user reference could not be mapped"
"missing-user","AbpAuditLogs","3a1fe4c2-5f07-a71b-821d-cd3acafd0d80","UserId","3a1edc89-5a1c-6370-bdf4-991fa66e508d","Legacy user reference could not be mapped"
"missing-user","AbpAuditLogs","3a1fe4c5-3789-f3ba-6a36-a037ee097637","UserId","3a1edc89-5a1c-6370-bdf4-991fa66e508d","Legacy user reference could not be mapped"
"missing-user","AbpAuditLogs","3a1fe4c5-5530-1645-10ee-58d52e197d11","UserId","3a1edc89-5a1c-6370-bdf4-991fa66e508d","Legacy user reference could not be mapped"
"missing-user","AbpAuditLogs","3a1fe4c9-dc5e-1d3e-df4f-1d1cac6e326e","UserId","3a1edc89-5a1c-6370-bdf4-991fa66e508d","Legacy user reference could not be mapped"
"missing-user","AbpAuditLogs","3a1fe4cd-bbf2-0b7a-5725-4cc7d2bc9e76","UserId","3a1edc89-5a1c-6370-bdf4-991fa66e508d","Legacy user reference could not be mapped"
"missing-user","AbpAuditLogs","3a1fe4ce-a01f-4694-e05b-28133d072ca5","UserId","3a1edc89-5a1c-6370-bdf4-991fa66e508d","Legacy user reference could not be mapped"
"missing-user","AbpAuditLogs","3a1fe4d0-8d49-dd61-1860-9cf2132f45c3","UserId","3a1edc89-5a1c-6370-bdf4-991fa66e508d","Legacy user reference could not be mapped"
"missing-user","AbpAuditLogs","3a1fe4d3-c798-0fcd-56d3-3008a6a95d27","UserId","3a1edc89-5a1c-6370-bdf4-991fa66e508d","Legacy user reference could not be mapped"
"missing-user","AbpAuditLogs","3a1fe4d4-cb99-4c60-63dd-f965f77c9d0c","UserId","3a1edc89-5a1c-6370-bdf4-991fa66e508d","Legacy user reference could not be mapped"
"missing-user","AbpAuditLogs","3a1fe4d4-f1c1-302e-6352-311d502e2167","UserId","3a1edc89-5a1c-6370-bdf4-991fa66e508d","Legacy user reference could not be mapped"
"missing-user","AbpAuditLogs","3a1fe4d5-2028-3d4c-c696-795f8a900739","UserId","3a1edc89-5a1c-6370-bdf4-991fa66e508d","Legacy user reference could not be mapped"
"missing-user","AbpAuditLogs","3a1fe4d5-668d-9ae8-ee30-47f35659312b","UserId","3a1edc89-5a1c-6370-bdf4-991fa66e508d","Legacy user reference could not be mapped"
"missing-user","AbpAuditLogs","3a1fe4d5-7709-6c9b-be8e-c4e0aa46e239","UserId","3a1edc89-5a1c-6370-bdf4-991fa66e508d","Legacy user reference could not be mapped"
"missing-user","AbpAuditLogs","3a1fe4d5-8a54-fed8-b95e-997f69066f6d","UserId","3a1edc89-5a1c-6370-bdf4-991fa66e508d","Legacy user reference could not be mapped"
"missing-user","AbpAuditLogs","3a1fe4d5-a0e4-a05b-ac6a-29b0513d56d6","UserId","3a1edc89-5a1c-6370-bdf4-991fa66e508d","Legacy user reference could not be mapped"
"missing-user","AbpAuditLogs","3a1fe4d7-6367-4ab0-6c14-e8de248b60e9","UserId","3a1edc89-5a1c-6370-bdf4-991fa66e508d","Legacy user reference could not be mapped"
"missing-user","AbpAuditLogs","3a1fe4d7-8224-4ab9-823a-f0b99791c237","UserId","3a1edc89-5a1c-6370-bdf4-991fa66e508d","Legacy user reference could not be mapped"
"missing-user","AbpAuditLogs","3a1fe4d7-bda9-a1ba-0895-a2b802ea9a9a","UserId","3a1edc89-5a1c-6370-bdf4-991fa66e508d","Legacy user reference could not be mapped"
"missing-user","AbpAuditLogs","3a1fe4d7-e11c-959d-96d4-cf8e1e400a13","UserId","3a1edc89-5a1c-6370-bdf4-991fa66e508d","Legacy user reference could not be mapped"
"missing-user","AbpAuditLogs","3a1fe4d7-fa9b-9380-1468-2db15bda0afa","UserId","3a1edc89-5a1c-6370-bdf4-991fa66e508d","Legacy user reference could not be mapped"
"missing-user","AbpAuditLogs","3a1fe4d8-1d0c-c66f-45bf-83515bb60163","UserId","3a1edc89-5a1c-6370-bdf4-991fa66e508d","Legacy user reference could not be mapped"
"missing-user","AbpAuditLogs","3a1fe4d8-4186-d4bd-2b54-e58be57e6ac5","UserId","3a1edc89-5a1c-6370-bdf4-991fa66e508d","Legacy user reference could not be mapped"
"missing-user","AbpAuditLogs","3a1fe4d8-5038-854d-6b1b-b3caf52c9032","UserId","3a1edc89-5a1c-6370-bdf4-991fa66e508d","Legacy user reference could not be mapped"
"missing-user","AbpAuditLogs","3a1fe4d8-5c00-e2ac-3629-737aa1e6c583","UserId","3a1edc89-5a1c-6370-bdf4-991fa66e508d","Legacy user reference could not be mapped"
"missing-user","AbpAuditLogs","3a1fe4d8-6454-ed36-72ea-5277ea65fa9f","UserId","3a1edc89-5a1c-6370-bdf4-991fa66e508d","Legacy user reference could not be mapped"
"missing-user","AbpAuditLogs","3a1fe4d9-986e-8aca-b223-6f7a8832acae","UserId","3a1edc89-5a1c-6370-bdf4-991fa66e508d","Legacy user reference could not be mapped"
"missing-user","AbpAuditLogs","3a1fe4d9-b64c-575a-5544-0dac1ebe491a","UserId","3a1edc89-5a1c-6370-bdf4-991fa66e508d","Legacy user reference could not be mapped"
"missing-user","AbpAuditLogs","3a1fe4da-550b-6895-0ec5-83cd36d6176e","UserId","3a1edc89-5a1c-6370-bdf4-991fa66e508d","Legacy user reference could not be mapped"
"missing-user","AbpAuditLogs","3a1fe4f4-3a69-46f0-1d60-670fdbb468be","UserId","3a1edc89-5a1c-6370-bdf4-991fa66e508d","Legacy user reference could not be mapped"
"missing-user","AbpAuditLogs","3a1fe4f4-464c-27fc-aedc-25fd32b2b043","UserId","3a1edc89-5a1c-6370-bdf4-991fa66e508d","Legacy user reference could not be mapped"
"missing-user","AbpAuditLogs","3a1fe4f4-da59-17cf-c718-e5d507fc46bc","UserId","3a1edc89-5a1c-6370-bdf4-991fa66e508d","Legacy user reference could not be mapped"
"missing-user","AbpAuditLogs","3a1fe4f5-0279-7795-9f4d-019f71d5ea77","UserId","3a1edc89-5a1c-6370-bdf4-991fa66e508d","Legacy user reference could not be mapped"
"missing-user","AbpAuditLogs","3a1fe4f5-8c7f-7244-33f4-59f5fa8ecb10","UserId","3a1edc89-5a1c-6370-bdf4-991fa66e508d","Legacy user reference could not be mapped"
"missing-user","AbpAuditLogs","3a1fe4fa-e911-9a6f-016b-601e62875954","UserId","3a1edc89-5a1c-6370-bdf4-991fa66e508d","Legacy user reference could not be mapped"
"missing-user","AbpAuditLogs","3a1fe520-79d0-ebba-c097-d9adeb9e735c","UserId","3a1edc89-5a1c-6370-bdf4-991fa66e508d","Legacy user reference could not be mapped"
"missing-user","AbpAuditLogs","3a1fe520-98cb-35af-e174-59b17281356b","UserId","3a1edc89-5a1c-6370-bdf4-991fa66e508d","Legacy user reference could not be mapped"
"missing-user","AbpAuditLogs","3a1fe521-db96-839c-2942-ce6c89af138e","UserId","3a1edc89-5a1c-6370-bdf4-991fa66e508d","Legacy user reference could not be mapped"
"missing-user","AbpAuditLogs","3a1fe522-1348-e86c-e40d-0236c3898340","UserId","3a1edc89-5a1c-6370-bdf4-991fa66e508d","Legacy user reference could not be mapped"
"missing-user","AbpAuditLogs","3a1fe522-1bf3-180e-e729-ce5f0b7da662","UserId","3a1edc89-5a1c-6370-bdf4-991fa66e508d","Legacy user reference could not be mapped"
"missing-user","AbpAuditLogs","3a1fe524-f8c9-8f4f-1549-aff4c32029bb","UserId","3a1edc89-5a1c-6370-bdf4-991fa66e508d","Legacy user reference could not be mapped"
"missing-user","AbpAuditLogs","3a1fe525-0a9c-6460-3bfb-7a9f0e88118f","UserId","3a1edc89-5a1c-6370-bdf4-991fa66e508d","Legacy user reference could not be mapped"
"missing-user","AbpAuditLogs","3a1fe525-5ec2-2e91-c56e-7614ec97c988","UserId","3a1edc89-5a1c-6370-bdf4-991fa66e508d","Legacy user reference could not be mapped"
"missing-user","AbpAuditLogs","3a1fe525-cf9b-352c-9519-7410dc03ece3","UserId","3a1edc89-5a1c-6370-bdf4-991fa66e508d","Legacy user reference could not be mapped"
"missing-user","AbpAuditLogs","3a1fe930-f061-24a7-8d90-8801c7c7905a","UserId","3a1edc89-5a1c-6370-bdf4-991fa66e508d","Legacy user reference could not be mapped"
"missing-user","AbpAuditLogs","3a1fe9b8-737f-03f0-cef3-5058f0b296c5","UserId","3a1edc89-5a1c-6370-bdf4-991fa66e508d","Legacy user reference could not be mapped"
"missing-user","AbpAuditLogs","3a1fe9b8-f096-4ca8-761b-9ee8bcf19316","UserId","3a1edc89-5a1c-6370-bdf4-991fa66e508d","Legacy user reference could not be mapped"
"missing-user","AbpAuditLogs","3a1fe9b9-6dc2-5fdd-10d0-c5ca6bfc2483","UserId","3a1edc89-5a1c-6370-bdf4-991fa66e508d","Legacy user reference could not be mapped"
"missing-user","AbpAuditLogs","3a1fe9b9-ea77-672a-fe07-2abc5d8b2bd3","UserId","3a1edc89-5a1c-6370-bdf4-991fa66e508d","Legacy user reference could not be mapped"
"missing-user","AbpAuditLogs","3a1fe9ba-676e-2f0c-c8c5-5e8caa4649c8","UserId","3a1edc89-5a1c-6370-bdf4-991fa66e508d","Legacy user reference could not be mapped"
"missing-user","AbpAuditLogs","3a1fe9ba-e551-c674-2d84-42e0e246c563","UserId","3a1edc89-5a1c-6370-bdf4-991fa66e508d","Legacy user reference could not be mapped"
"missing-user","AbpAuditLogs","3a1fe9bb-61ac-ca13-cd6b-29436a0e90c2","UserId","3a1edc89-5a1c-6370-bdf4-991fa66e508d","Legacy user reference could not be mapped"
"missing-user","AbpAuditLogs","3a1fe9bb-df97-4036-4bc0-182850616a53","UserId","3a1edc89-5a1c-6370-bdf4-991fa66e508d","Legacy user reference could not be mapped"
"missing-user","AbpAuditLogs","3a1fe9bc-5bd4-2afb-9530-c290330725eb","UserId","3a1edc89-5a1c-6370-bdf4-991fa66e508d","Legacy user reference could not be mapped"
"missing-user","AbpAuditLogs","3a1fe9bc-d911-851f-306e-d3fe3502105f","UserId","3a1edc89-5a1c-6370-bdf4-991fa66e508d","Legacy user reference could not be mapped"
"missing-user","AbpAuditLogs","3a1fe9bd-55f2-7359-fd72-1175a158039c","UserId","3a1edc89-5a1c-6370-bdf4-991fa66e508d","Legacy user reference could not be mapped"
"missing-user","AbpAuditLogs","3a1fe9bd-d333-7ba1-6fcf-0f0755c75c7f","UserId","3a1edc89-5a1c-6370-bdf4-991fa66e508d","Legacy user reference could not be mapped"
"missing-user","AbpAuditLogs","3a1fe9be-4fdf-1811-4dd0-f54a9c2c828b","UserId","3a1edc89-5a1c-6370-bdf4-991fa66e508d","Legacy user reference could not be mapped"
"missing-user","AbpAuditLogs","3a1fe9be-cd77-e434-3433-2d97ed4dbda7","UserId","3a1edc89-5a1c-6370-bdf4-991fa66e508d","Legacy user reference could not be mapped"
"missing-user","AbpAuditLogs","3a1fe9bf-49d6-40a0-b7c2-8b9b847fc095","UserId","3a1edc89-5a1c-6370-bdf4-991fa66e508d","Legacy user reference could not be mapped"
"missing-user","AbpAuditLogs","3a1fe9bf-c64d-0dfa-a569-f80b4dbab447","UserId","3a1edc89-5a1c-6370-bdf4-991fa66e508d","Legacy user reference could not be mapped"
"missing-user","AbpAuditLogs","3a1fe9c0-4389-b3f1-fec6-250a9c6dad05","UserId","3a1edc89-5a1c-6370-bdf4-991fa66e508d","Legacy user reference could not be mapped"
"missing-user","AbpAuditLogs","3a1fe9c0-c1ae-1374-9047-4237ffe4001d","UserId","3a1edc89-5a1c-6370-bdf4-991fa66e508d","Legacy user reference could not be mapped"
"missing-user","AbpAuditLogs","3a1fe9c1-3dec-1475-4573-e89e4512fff9","UserId","3a1edc89-5a1c-6370-bdf4-991fa66e508d","Legacy user reference could not be mapped"
"missing-user","AbpAuditLogs","3a1fe9c1-bb32-cb73-813d-4c9c7e845227","UserId","3a1edc89-5a1c-6370-bdf4-991fa66e508d","Legacy user reference could not be mapped"
"missing-user","AbpAuditLogs","3a1fe9c2-37cf-54a8-3baf-863d61330bab","UserId","3a1edc89-5a1c-6370-bdf4-991fa66e508d","Legacy user reference could not be mapped"
"missing-user","AbpAuditLogs","3a1fe9c2-b497-3c93-51f4-c52ce3d9ab81","UserId","3a1edc89-5a1c-6370-bdf4-991fa66e508d","Legacy user reference could not be mapped"
"missing-user","AbpAuditLogs","3a1fe9c3-31ef-e508-25e9-c86af6b0b377","UserId","3a1edc89-5a1c-6370-bdf4-991fa66e508d","Legacy user reference could not be mapped"
"missing-user","AbpAuditLogs","3a1fe9c3-aee9-4733-8a3c-f464b55c68a8","UserId","3a1edc89-5a1c-6370-bdf4-991fa66e508d","Legacy user reference could not be mapped"
"missing-user","AbpAuditLogs","3a1fe9c4-2c66-dbec-c8e9-6ebc692f0310","UserId","3a1edc89-5a1c-6370-bdf4-991fa66e508d","Legacy user reference could not be mapped"
"missing-user","AbpAuditLogs","3a1fe9c4-a881-7019-4f54-5e9be6438155","UserId","3a1edc89-5a1c-6370-bdf4-991fa66e508d","Legacy user reference could not be mapped"
"missing-user","AbpAuditLogs","3a1fe9c5-26ad-9a98-f546-f9b95d18581c","UserId","3a1edc89-5a1c-6370-bdf4-991fa66e508d","Legacy user reference could not be mapped"
"missing-user","AbpAuditLogs","3a1fea42-6a5b-3b4c-f66c-5adc72da7869","UserId","3a1edc89-5a1c-6370-bdf4-991fa66e508d","Legacy user reference could not be mapped"
"missing-user","AbpAuditLogs","3a1fea42-8bc2-b4b6-66f0-9fa20ed90d34","UserId","3a1edc89-5a1c-6370-bdf4-991fa66e508d","Legacy user reference could not be mapped"
"missing-user","AbpAuditLogs","3a1fea42-fa44-5ff2-dbed-841931899a75","UserId","3a1edc89-5a1c-6370-bdf4-991fa66e508d","Legacy user reference could not be mapped"
"missing-user","AbpAuditLogs","3a1fea43-b01f-0175-8ba4-fe1bed3d206f","UserId","3a1edc89-5a1c-6370-bdf4-991fa66e508d","Legacy user reference could not be mapped"
"missing-user","AbpAuditLogs","3a1fea43-bb96-a2f2-2756-568977befabe","UserId","3a1edc89-5a1c-6370-bdf4-991fa66e508d","Legacy user reference could not be mapped"
"missing-user","AbpAuditLogs","3a1fea43-f3e9-cdc4-0b80-8c85180b8f27","UserId","3a1edc89-5a1c-6370-bdf4-991fa66e508d","Legacy user reference could not be mapped"
"missing-user","AbpAuditLogs","3a1fea44-034a-e2b9-728b-8218025dcbba","UserId","3a1edc89-5a1c-6370-bdf4-991fa66e508d","Legacy user reference could not be mapped"
"missing-user","AbpAuditLogs","3a1fea44-3749-fae7-7970-f637cc97f894","UserId","3a1edc89-5a1c-6370-bdf4-991fa66e508d","Legacy user reference could not be mapped"
"missing-user","AbpAuditLogs","3a1fea46-2f59-6e75-7c8d-43b60943168b","UserId","3a1edc89-5a1c-6370-bdf4-991fa66e508d","Legacy user reference could not be mapped"
"missing-user","AbpAuditLogs","3a1fea4e-b89c-4954-e7f0-191e2d68a8c9","UserId","3a1edc89-5a1c-6370-bdf4-991fa66e508d","Legacy user reference could not be mapped"
"missing-user","AbpAuditLogs","3a1fea4e-ef27-16e9-f092-16ddbc9ca6f1","UserId","3a1edc89-5a1c-6370-bdf4-991fa66e508d","Legacy user reference could not be mapped"
"missing-user","AbpAuditLogs","3a1fea4f-bf17-28f3-ce4c-d611d068c745","UserId","3a1edc89-5a1c-6370-bdf4-991fa66e508d","Legacy user reference could not be mapped"
"missing-user","AbpAuditLogs","3a1fea50-e495-47ad-7fa3-a44ea92593be","UserId","3a1edc89-5a1c-6370-bdf4-991fa66e508d","Legacy user reference could not be mapped"
"missing-user","AbpAuditLogs","3a1fea52-05c4-16c1-4061-db9f241c0978","UserId","3a1edc89-5a1c-6370-bdf4-991fa66e508d","Legacy user reference could not be mapped"
"missing-user","AbpAuditLogs","3a1fea52-1773-e736-0c1e-59bf71457fd2","UserId","3a1edc89-5a1c-6370-bdf4-991fa66e508d","Legacy user reference could not be mapped"
"missing-user","AbpAuditLogs","3a1fea52-40de-8af2-214f-58ee41da653c","UserId","3a1edc89-5a1c-6370-bdf4-991fa66e508d","Legacy user reference could not be mapped"
"missing-user","AbpAuditLogs","3a1fea52-5f44-aced-d57e-5e08fd5b9bc6","UserId","3a1edc89-5a1c-6370-bdf4-991fa66e508d","Legacy user reference could not be mapped"
"missing-user","AbpAuditLogs","3a1fea54-b272-6eb2-7060-6a225c124968","UserId","3a1edc89-5a1c-6370-bdf4-991fa66e508d","Legacy user reference could not be mapped"
"missing-user","AbpAuditLogs","3a1fea56-1388-213a-e326-3e0a52604097","UserId","3a1edc89-5a1c-6370-bdf4-991fa66e508d","Legacy user reference could not be mapped"
"missing-user","AbpAuditLogs","3a1fea56-998a-c900-aca0-3451b2d0644c","UserId","3a1edc89-5a1c-6370-bdf4-991fa66e508d","Legacy user reference could not be mapped"
"missing-user","AbpAuditLogs","3a1fea56-a1c2-44ae-4a29-10ae64bc2aab","UserId","3a1edc89-5a1c-6370-bdf4-991fa66e508d","Legacy user reference could not be mapped"
"missing-user","AbpAuditLogs","3a1fea56-a6ad-8ea8-46f1-cb8935914798","UserId","3a1edc89-5a1c-6370-bdf4-991fa66e508d","Legacy user reference could not be mapped"
"missing-user","AbpAuditLogs","3a1fea56-df1b-af62-28c9-76fd723b9601","UserId","3a1edc89-5a1c-6370-bdf4-991fa66e508d","Legacy user reference could not be mapped"
"missing-user","AbpAuditLogs","3a1fea56-dfbe-3d28-44d4-9cd57fbfa5fc","UserId","3a1edc89-5a1c-6370-bdf4-991fa66e508d","Legacy user reference could not be mapped"
"missing-user","AbpAuditLogs","3a1fea56-e05f-e288-2301-7f57a3006029","UserId","3a1edc89-5a1c-6370-bdf4-991fa66e508d","Legacy user reference could not be mapped"
"missing-user","AbpAuditLogs","3a1fea56-e8c5-4e97-8362-cfb8596fdef6","UserId","3a1edc89-5a1c-6370-bdf4-991fa66e508d","Legacy user reference could not be mapped"
"missing-user","AbpAuditLogs","3a1fea57-1978-50f5-66cb-b0b2b9ac3078","UserId","3a1edc89-5a1c-6370-bdf4-991fa66e508d","Legacy user reference could not be mapped"
"missing-user","AbpAuditLogs","3a1fea57-454e-0687-b74c-117f32a3ea4c","UserId","3a1edc89-5a1c-6370-bdf4-991fa66e508d","Legacy user reference could not be mapped"
"missing-user","AbpAuditLogs","3a1fea57-4679-b1f6-7674-3250ec7921a3","UserId","3a1edc89-5a1c-6370-bdf4-991fa66e508d","Legacy user reference could not be mapped"
"missing-user","AbpAuditLogs","3a1fea57-bd77-c87e-20e6-9f605f0587fd","UserId","3a1edc89-5a1c-6370-bdf4-991fa66e508d","Legacy user reference could not be mapped"
"missing-user","AbpAuditLogs","3a1fea57-be90-c7ec-c264-35cca5ef1544","UserId","3a1edc89-5a1c-6370-bdf4-991fa66e508d","Legacy user reference could not be mapped"
"missing-user","AbpAuditLogs","3a1fea57-d698-e553-62f2-e393652c5791","UserId","3a1edc89-5a1c-6370-bdf4-991fa66e508d","Legacy user reference could not be mapped"
"missing-user","AbpAuditLogs","3a1fea59-c9d3-a969-16ac-d8b75fc58d48","UserId","3a1edc89-5a1c-6370-bdf4-991fa66e508d","Legacy user reference could not be mapped"
"missing-user","AbpAuditLogs","3a1fea59-fcc3-01c9-49b6-4a02bf7e079b","UserId","3a1edc89-5a1c-6370-bdf4-991fa66e508d","Legacy user reference could not be mapped"
"missing-user","AbpAuditLogs","3a1fea5d-8a86-7dbd-53bd-880b18aa2e45","UserId","3a1edc89-5a1c-6370-bdf4-991fa66e508d","Legacy user reference could not be mapped"
"missing-user","AbpAuditLogs","3a1fea5e-190b-73db-dd49-09e9974f7a67","UserId","3a1edc89-5a1c-6370-bdf4-991fa66e508d","Legacy user reference could not be mapped"
"missing-user","AbpAuditLogs","3a1fea5e-1a4d-62d5-0cde-c28b56ae8efa","UserId","3a1edc89-5a1c-6370-bdf4-991fa66e508d","Legacy user reference could not be mapped"
"missing-user","AbpAuditLogs","3a1fea63-6cd3-33fc-b72e-05321c942473","UserId","3a1edc89-5a1c-6370-bdf4-991fa66e508d","Legacy user reference could not be mapped"
"missing-user","AbpAuditLogs","3a1fea64-2225-9979-61e0-e1e3d556b830","UserId","3a1edc89-5a1c-6370-bdf4-991fa66e508d","Legacy user reference could not be mapped"
"missing-user","AbpAuditLogs","3a1fea64-3b85-63a7-21db-0d9728cb859b","UserId","3a1edc89-5a1c-6370-bdf4-991fa66e508d","Legacy user reference could not be mapped"
"missing-user","AbpAuditLogs","3a1fea65-33b1-43fe-5f38-03ab943714bf","UserId","3a1edc89-5a1c-6370-bdf4-991fa66e508d","Legacy user reference could not be mapped"
"missing-user","AbpAuditLogs","3a1fea6b-3ebc-5715-5242-98346aa6dfee","UserId","3a1edc89-5a1c-6370-bdf4-991fa66e508d","Legacy user reference could not be mapped"
"missing-user","AbpAuditLogs","3a1fea6e-1630-5fc0-8296-f5bf5b03d18d","UserId","3a1edc89-5a1c-6370-bdf4-991fa66e508d","Legacy user reference could not be mapped"
"missing-user","AbpAuditLogs","3a1fea6f-f3ed-cbed-3abf-979957b84bee","UserId","3a1edc89-5a1c-6370-bdf4-991fa66e508d","Legacy user reference could not be mapped"
"missing-user","AbpAuditLogs","3a1fea7e-1745-bea2-dada-1d0009f64ab9","UserId","3a1edc89-5a1c-6370-bdf4-991fa66e508d","Legacy user reference could not be mapped"
"missing-user","AbpAuditLogs","3a1fea7f-95b1-d6ee-8528-3f89e90d6a2a","UserId","3a1edc89-5a1c-6370-bdf4-991fa66e508d","Legacy user reference could not be mapped"
"missing-user","AbpAuditLogs","3a1fea7f-9b1c-6bd7-a3be-827401d68e17","UserId","3a1edc89-5a1c-6370-bdf4-991fa66e508d","Legacy user reference could not be mapped"
"missing-user","AbpAuditLogs","3a1fea7f-ae6d-b15b-7902-1c4af255a149","UserId","3a1edc89-5a1c-6370-bdf4-991fa66e508d","Legacy user reference could not be mapped"
"missing-user","AbpAuditLogs","3a1fea7f-d5a2-4338-2537-32bc1aa69354","UserId","3a1edc89-5a1c-6370-bdf4-991fa66e508d","Legacy user reference could not be mapped"
"missing-user","AbpAuditLogs","3a1fea7f-e5c9-67a0-b8ff-cf7cd1afce5a","UserId","3a1edc89-5a1c-6370-bdf4-991fa66e508d","Legacy user reference could not be mapped"
"missing-user","AbpAuditLogs","3a1fea7f-fa0b-1312-cc1c-be4383eb5b12","UserId","3a1edc89-5a1c-6370-bdf4-991fa66e508d","Legacy user reference could not be mapped"
"missing-user","AbpAuditLogs","3a1fea7f-fdbf-c76a-1703-d5024106c618","UserId","3a1edc89-5a1c-6370-bdf4-991fa66e508d","Legacy user reference could not be mapped"
"missing-user","AbpAuditLogs","3a1fea80-16b8-91cc-9614-4fa1cee00b23","UserId","3a1edc89-5a1c-6370-bdf4-991fa66e508d","Legacy user reference could not be mapped"
"missing-user","AbpAuditLogs","3a1fea80-1b70-d9d9-dff2-d017017a9e68","UserId","3a1edc89-5a1c-6370-bdf4-991fa66e508d","Legacy user reference could not be mapped"
"missing-user","AbpAuditLogs","3a1fea80-4392-6291-c653-42a56ccca0ec","UserId","3a1edc89-5a1c-6370-bdf4-991fa66e508d","Legacy user reference could not be mapped"
"missing-user","AbpAuditLogs","3a1fea80-47a0-4d74-bb2d-f7351e70affe","UserId","3a1edc89-5a1c-6370-bdf4-991fa66e508d","Legacy user reference could not be mapped"
"missing-user","AbpAuditLogs","3a1fea80-c3fc-19d5-885d-9742b7c7ce81","UserId","3a1edc89-5a1c-6370-bdf4-991fa66e508d","Legacy user reference could not be mapped"
"missing-user","AbpAuditLogs","3a1fea80-d0d3-9444-eae1-4321912dc17c","UserId","3a1edc89-5a1c-6370-bdf4-991fa66e508d","Legacy user reference could not be mapped"
"missing-user","AbpAuditLogs","3a1fea81-81fe-1b53-a0af-c1194ee882c3","UserId","3a1edc89-5a1c-6370-bdf4-991fa66e508d","Legacy user reference could not be mapped"
"missing-user","AbpAuditLogs","3a1fea81-9952-33ab-3673-9f14354b103a","UserId","3a1edc89-5a1c-6370-bdf4-991fa66e508d","Legacy user reference could not be mapped"
"missing-user","AbpAuditLogs","3a1fea81-f153-522f-2493-2380580fb422","UserId","3a1edc89-5a1c-6370-bdf4-991fa66e508d","Legacy user reference could not be mapped"
"missing-user","AbpAuditLogs","3a1fea82-4d06-9805-af29-b622e5a2122d","UserId","3a1edc89-5a1c-6370-bdf4-991fa66e508d","Legacy user reference could not be mapped"
"missing-user","AbpAuditLogs","3a1fea82-e0b9-c93d-30d9-b38d12cf6680","UserId","3a1edc89-5a1c-6370-bdf4-991fa66e508d","Legacy user reference could not be mapped"
"missing-user","AbpAuditLogs","3a1fea84-205a-2283-3552-30f7642cfb02","UserId","3a1edc89-5a1c-6370-bdf4-991fa66e508d","Legacy user reference could not be mapped"
"missing-user","AbpAuditLogs","3a1fea87-6d5b-c03d-ebbc-54ce4a50f312","UserId","3a1edc89-5a1c-6370-bdf4-991fa66e508d","Legacy user reference could not be mapped"
"missing-user","AbpAuditLogs","3a1fea87-7aa4-9a98-0f69-57c951b1678b","UserId","3a1edc89-5a1c-6370-bdf4-991fa66e508d","Legacy user reference could not be mapped"
"missing-user","AbpAuditLogs","3a1fea87-c8af-ee97-d59c-9d2df7cc572c","UserId","3a1edc89-5a1c-6370-bdf4-991fa66e508d","Legacy user reference could not be mapped"
"missing-user","AbpAuditLogs","3a1fea87-d002-6a1e-2e63-b8d5b4ceee53","UserId","3a1edc89-5a1c-6370-bdf4-991fa66e508d","Legacy user reference could not be mapped"
"missing-user","AbpAuditLogs","3a1fea88-4d4b-5dd6-ca4d-003b7b38664b","UserId","3a1edc89-5a1c-6370-bdf4-991fa66e508d","Legacy user reference could not be mapped"
"missing-user","AbpAuditLogs","3a1fea88-4df4-5861-bb7b-2a28fd3f7b79","UserId","3a1edc89-5a1c-6370-bdf4-991fa66e508d","Legacy user reference could not be mapped"
"missing-user","AbpAuditLogs","3a1fea88-551e-a6ba-1871-bfd44b81b32b","UserId","3a1edc89-5a1c-6370-bdf4-991fa66e508d","Legacy user reference could not be mapped"
"missing-user","AbpAuditLogs","3a1fea88-5c23-3a14-ff52-35b9d7f39bb2","UserId","3a1edc89-5a1c-6370-bdf4-991fa66e508d","Legacy user reference could not be mapped"
"missing-user","AbpAuditLogs","3a1fea88-f5eb-d17f-6325-a1eea92eaa5f","UserId","3a1edc89-5a1c-6370-bdf4-991fa66e508d","Legacy user reference could not be mapped"
"missing-user","AbpAuditLogs","3a1fea88-fc4c-74fe-4a7e-18239fe2f512","UserId","3a1edc89-5a1c-6370-bdf4-991fa66e508d","Legacy user reference could not be mapped"
"missing-user","AbpAuditLogs","3a1fea89-0313-cb81-5592-6abe459bd669","UserId","3a1edc89-5a1c-6370-bdf4-991fa66e508d","Legacy user reference could not be mapped"
"missing-user","AbpAuditLogs","3a1fea89-07e6-39e5-6bd9-118dd1a06ecc","UserId","3a1edc89-5a1c-6370-bdf4-991fa66e508d","Legacy user reference could not be mapped"
"missing-user","AbpAuditLogs","3a1fea8b-bc6e-88a2-8661-098ce9330a9e","UserId","3a1edc89-5a1c-6370-bdf4-991fa66e508d","Legacy user reference could not be mapped"
"missing-user","AbpAuditLogs","3a1fea8e-6b9d-e15c-b4f0-7b9e2e725361","UserId","3a1edc89-5a1c-6370-bdf4-991fa66e508d","Legacy user reference could not be mapped"
"missing-user","AbpAuditLogs","3a1fea94-1bde-bad9-5dd8-5c77f9b0e147","UserId","3a1edc89-5a1c-6370-bdf4-991fa66e508d","Legacy user reference could not be mapped"
"missing-user","AbpAuditLogs","3a1fea94-f0e2-e3d8-7bb4-7d7a34fb30fd","UserId","3a1edc89-5a1c-6370-bdf4-991fa66e508d","Legacy user reference could not be mapped"
"missing-user","AbpAuditLogs","3a1fea95-1bc6-ff07-fad1-9701d25d80f3","UserId","3a1edc89-5a1c-6370-bdf4-991fa66e508d","Legacy user reference could not be mapped"
"missing-user","AbpAuditLogs","3a1fea98-0494-5f9c-ee5b-521e9129f9fb","UserId","3a1edc89-5a1c-6370-bdf4-991fa66e508d","Legacy user reference could not be mapped"
"missing-user","AbpAuditLogs","3a1fed8d-242d-61a1-598d-63f10054d5f1","UserId","3a1edc89-5a1c-6370-bdf4-991fa66e508d","Legacy user reference could not be mapped"
"missing-user","AbpAuditLogs","3a1fed95-f9ec-9e41-97d5-b3d561b5674b","UserId","3a1edc89-5a1c-6370-bdf4-991fa66e508d","Legacy user reference could not be mapped"
"missing-user","AbpAuditLogs","3a1fed96-3833-c2a5-abc9-02dc346d2283","UserId","3a1edc89-5a1c-6370-bdf4-991fa66e508d","Legacy user reference could not be mapped"
"missing-user","AbpAuditLogs","3a1fed96-7740-7666-4d18-4319d9d55905","UserId","3a1edc89-5a1c-6370-bdf4-991fa66e508d","Legacy user reference could not be mapped"
"missing-user","AbpAuditLogs","3a1fed97-0551-724b-8f8e-e135d433150f","UserId","3a1edc89-5a1c-6370-bdf4-991fa66e508d","Legacy user reference could not be mapped"
"missing-user","AbpAuditLogs","3a1fed97-52e3-1f8e-aa0f-b4b186188834","UserId","3a1edc89-5a1c-6370-bdf4-991fa66e508d","Legacy user reference could not be mapped"
"missing-user","AbpAuditLogs","3a1fed97-6d11-186b-e9c4-bcd3597cc33b","UserId","3a1edc89-5a1c-6370-bdf4-991fa66e508d","Legacy user reference could not be mapped"
"missing-user","AbpAuditLogs","3a1fed9d-4778-5878-f8f1-0fb09d3224b7","UserId","3a1edc89-5a1c-6370-bdf4-991fa66e508d","Legacy user reference could not be mapped"
"missing-user","AbpAuditLogs","3a1fed9d-a137-2ada-ce7f-113941941d48","UserId","3a1edc89-5a1c-6370-bdf4-991fa66e508d","Legacy user reference could not be mapped"
"missing-user","AbpAuditLogs","3a1fed9d-b2a3-a87c-6683-1efd3028b2b8","UserId","3a1edc89-5a1c-6370-bdf4-991fa66e508d","Legacy user reference could not be mapped"
"missing-user","AbpAuditLogs","3a1fed9d-dcc9-fcfe-f203-4662a625a66e","UserId","3a1edc89-5a1c-6370-bdf4-991fa66e508d","Legacy user reference could not be mapped"
"missing-user","AbpAuditLogs","3a1fedb6-2c3d-0cb1-545b-60ca1f75bdcf","UserId","3a1edc89-5a1c-6370-bdf4-991fa66e508d","Legacy user reference could not be mapped"
"missing-user","AbpAuditLogs","3a1fedb6-aa67-970b-f70b-d6627b49741a","UserId","3a1edc89-5a1c-6370-bdf4-991fa66e508d","Legacy user reference could not be mapped"
"missing-user","AbpAuditLogs","3a1fedbf-b005-e144-b7fe-9bbd981e563e","UserId","3a1edc89-5a1c-6370-bdf4-991fa66e508d","Legacy user reference could not be mapped"
"missing-user","AbpAuditLogs","3a1fedbf-b53f-17eb-6b4a-633a32290c4b","UserId","3a1edc89-5a1c-6370-bdf4-991fa66e508d","Legacy user reference could not be mapped"
"missing-user","AbpAuditLogs","3a1fedbf-e6bb-ff61-cc39-6b41bffeda7b","UserId","3a1edc89-5a1c-6370-bdf4-991fa66e508d","Legacy user reference could not be mapped"
"missing-user","AbpAuditLogs","3a1fedc0-17d3-db9a-de66-a9a5ce001a45","UserId","3a1edc89-5a1c-6370-bdf4-991fa66e508d","Legacy user reference could not be mapped"
"missing-user","AbpAuditLogs","3a1fedc0-647f-6b92-9e46-61476b504607","UserId","3a1edc89-5a1c-6370-bdf4-991fa66e508d","Legacy user reference could not be mapped"
"missing-user","AbpAuditLogs","3a1fedc5-5691-5ed5-73e8-278e46a2b97f","UserId","3a1edc89-5a1c-6370-bdf4-991fa66e508d","Legacy user reference could not be mapped"
"missing-user","AbpAuditLogs","3a1fedc6-bb57-81cc-861e-b7c32f68d6ad","UserId","3a1edc89-5a1c-6370-bdf4-991fa66e508d","Legacy user reference could not be mapped"
"missing-user","AbpAuditLogs","3a1fedc9-beeb-014f-9567-8c248b194fc0","UserId","3a1edc89-5a1c-6370-bdf4-991fa66e508d","Legacy user reference could not be mapped"
"missing-user","AbpAuditLogs","3a1fedc9-ed2b-1059-346c-c0b7a9fec9e1","UserId","3a1edc89-5a1c-6370-bdf4-991fa66e508d","Legacy user reference could not be mapped"
"missing-user","AbpAuditLogs","3a1fedca-0b13-e5d2-a770-8ca3590a14c2","UserId","3a1edc89-5a1c-6370-bdf4-991fa66e508d","Legacy user reference could not be mapped"
"missing-user","AbpAuditLogs","3a1fedca-3b5c-9ee8-edbd-0b952f5b7da2","UserId","3a1edc89-5a1c-6370-bdf4-991fa66e508d","Legacy user reference could not be mapped"
"missing-user","AbpAuditLogs","3a1fedca-4ac6-6e5a-c4d2-55a7f1c7c0d7","UserId","3a1edc89-5a1c-6370-bdf4-991fa66e508d","Legacy user reference could not be mapped"
"missing-user","AbpAuditLogs","3a1fef1e-e193-bb02-3134-f5abf576816e","UserId","3a1edc89-5a1c-6370-bdf4-991fa66e508d","Legacy user reference could not be mapped"
"missing-user","AbpAuditLogs","3a1fef1e-f2df-8f69-e7df-4155a5a89937","UserId","3a1edc89-5a1c-6370-bdf4-991fa66e508d","Legacy user reference could not be mapped"
"missing-user","AbpAuditLogs","3a1fef1f-0332-c135-d8d6-9b8633d2e078","UserId","3a1edc89-5a1c-6370-bdf4-991fa66e508d","Legacy user reference could not be mapped"
"missing-user","AbpAuditLogs","3a1fef1f-10cc-429a-951a-a019fb140b4b","UserId","3a1edc89-5a1c-6370-bdf4-991fa66e508d","Legacy user reference could not be mapped"
"missing-user","AbpAuditLogs","3a1fef2f-00aa-69f7-fb79-8958af0f93b8","UserId","3a1edc89-5a1c-6370-bdf4-991fa66e508d","Legacy user reference could not be mapped"
"missing-user","AbpAuditLogs","3a1fef4d-ea39-ee43-a9f1-36fb53072426","UserId","3a1edc89-5a1c-6370-bdf4-991fa66e508d","Legacy user reference could not be mapped"
"missing-user","AbpAuditLogs","3a1fef4e-c0a1-752a-732f-19d0ccf8adfa","UserId","3a1edc89-5a1c-6370-bdf4-991fa66e508d","Legacy user reference could not be mapped"
"missing-user","AbpAuditLogs","3a1fef4e-f6bd-60bc-bf70-d747eb3f13f9","UserId","3a1edc89-5a1c-6370-bdf4-991fa66e508d","Legacy user reference could not be mapped"
"missing-user","AbpAuditLogs","3a1fef71-36a2-ef3a-0780-6bbb0aab48dc","UserId","3a1edc89-5a1c-6370-bdf4-991fa66e508d","Legacy user reference could not be mapped"
"missing-user","AbpAuditLogs","3a1fef71-6195-48d9-17e5-a3e1da943667","UserId","3a1edc89-5a1c-6370-bdf4-991fa66e508d","Legacy user reference could not be mapped"
"missing-user","AbpAuditLogs","3a1fef71-73a9-e9f4-40be-d584eee323fd","UserId","3a1edc89-5a1c-6370-bdf4-991fa66e508d","Legacy user reference could not be mapped"
"missing-user","AbpAuditLogs","3a1fef74-1af7-816c-7153-4c97dff3cc34","UserId","3a1edc89-5a1c-6370-bdf4-991fa66e508d","Legacy user reference could not be mapped"
"missing-user","AbpAuditLogs","3a1fef74-666b-bcee-1458-2353f7369351","UserId","3a1edc89-5a1c-6370-bdf4-991fa66e508d","Legacy user reference could not be mapped"
"missing-user","AbpAuditLogs","3a1fef79-7fcc-d1fc-2648-9a42761ee934","UserId","3a1edc89-5a1c-6370-bdf4-991fa66e508d","Legacy user reference could not be mapped"
"missing-user","AbpAuditLogs","3a1fef79-c3f0-74ca-36cc-496f5596cda7","UserId","3a1edc89-5a1c-6370-bdf4-991fa66e508d","Legacy user reference could not be mapped"
"missing-user","AbpAuditLogs","3a1fef7a-ef64-a9bd-d993-0c12df0f36d7","UserId","3a1edc89-5a1c-6370-bdf4-991fa66e508d","Legacy user reference could not be mapped"
"missing-user","AbpAuditLogs","3a1fef7b-5b8d-cef4-69f6-9cc2f7b13676","UserId","3a1edc89-5a1c-6370-bdf4-991fa66e508d","Legacy user reference could not be mapped"
"missing-user","AbpAuditLogs","3a1fef7b-c83d-dfdb-abc0-8c7ef67d8f99","UserId","3a1edc89-5a1c-6370-bdf4-991fa66e508d","Legacy user reference could not be mapped"
"missing-user","AbpAuditLogs","3a1fef7c-4395-edd1-dccd-afac5d5f694a","UserId","3a1edc89-5a1c-6370-bdf4-991fa66e508d","Legacy user reference could not be mapped"
"missing-user","AbpAuditLogs","3a1fef7c-44c9-6b53-9bf6-ae36705bd791","UserId","3a1edc89-5a1c-6370-bdf4-991fa66e508d","Legacy user reference could not be mapped"
"missing-user","AbpAuditLogs","3a1fef7c-76c6-83ae-c503-6036d95ba11d","UserId","3a1edc89-5a1c-6370-bdf4-991fa66e508d","Legacy user reference could not be mapped"
"missing-user","AbpAuditLogs","3a1fef85-4190-ab2d-ec5e-90be2cc2841b","UserId","3a1edc89-5a1c-6370-bdf4-991fa66e508d","Legacy user reference could not be mapped"
"missing-user","AbpAuditLogs","3a1fef85-86e8-6e66-5e65-70de2e84e414","UserId","3a1edc89-5a1c-6370-bdf4-991fa66e508d","Legacy user reference could not be mapped"
"missing-user","AbpAuditLogs","3a1fef88-92f1-1aa1-ab38-b28e3ffb1ffd","UserId","3a1edc89-5a1c-6370-bdf4-991fa66e508d","Legacy user reference could not be mapped"
"missing-user","AbpAuditLogs","3a1fef8c-303e-2505-564f-3575cc85c2fc","UserId","3a1edc89-5a1c-6370-bdf4-991fa66e508d","Legacy user reference could not be mapped"
"missing-user","AbpAuditLogs","3a1fef8c-7132-243c-861c-9c5c21e2fcb0","UserId","3a1edc89-5a1c-6370-bdf4-991fa66e508d","Legacy user reference could not be mapped"
"missing-user","AbpAuditLogs","3a1fef8d-08f6-cbb4-5bb6-596578b84bd0","UserId","3a1edc89-5a1c-6370-bdf4-991fa66e508d","Legacy user reference could not be mapped"
"missing-user","AbpAuditLogs","3a1fef8d-09d4-8ea6-12de-964688cb0414","UserId","3a1edc89-5a1c-6370-bdf4-991fa66e508d","Legacy user reference could not be mapped"
"missing-user","AbpAuditLogs","3a1fef8e-55db-5254-6c03-0f76a94b2852","UserId","3a1edc89-5a1c-6370-bdf4-991fa66e508d","Legacy user reference could not be mapped"
"missing-user","AbpAuditLogs","3a1fef91-9d33-986f-f3dc-c0fde44b7788","UserId","3a1edc89-5a1c-6370-bdf4-991fa66e508d","Legacy user reference could not be mapped"
"missing-user","AbpAuditLogs","3a1fef91-9e05-f0cf-2a02-fd67b1f2a75b","UserId","3a1edc89-5a1c-6370-bdf4-991fa66e508d","Legacy user reference could not be mapped"
"missing-user","AbpAuditLogs","3a1fef93-ca59-e6e0-616a-83818fe64d84","UserId","3a1edc89-5a1c-6370-bdf4-991fa66e508d","Legacy user reference could not be mapped"
"missing-user","AbpAuditLogs","3a1fef93-fc64-f686-a9e0-ca869732610b","UserId","3a1edc89-5a1c-6370-bdf4-991fa66e508d","Legacy user reference could not be mapped"
"missing-user","AbpAuditLogs","3a1fef94-2e20-889b-0f2f-9e1412dc6b99","UserId","3a1edc89-5a1c-6370-bdf4-991fa66e508d","Legacy user reference could not be mapped"
"missing-user","AbpAuditLogs","3a1fef94-7024-75a6-da8f-68caad1db653","UserId","3a1edc89-5a1c-6370-bdf4-991fa66e508d","Legacy user reference could not be mapped"
"missing-user","AbpAuditLogs","3a1fef94-e4a9-3d44-42e4-574fbe17ceec","UserId","3a1edc89-5a1c-6370-bdf4-991fa66e508d","Legacy user reference could not be mapped"
"missing-user","AbpAuditLogs","3a1fef95-149b-99df-4d89-dd5bd5c04fc0","UserId","3a1edc89-5a1c-6370-bdf4-991fa66e508d","Legacy user reference could not be mapped"
"missing-user","AbpAuditLogs","3a1fef95-de2a-2fa7-b41e-d17af2cd789a","UserId","3a1edc89-5a1c-6370-bdf4-991fa66e508d","Legacy user reference could not be mapped"
"missing-user","AbpAuditLogs","3a1fef99-1c8a-3c87-032b-312af9f0782d","UserId","3a1edc89-5a1c-6370-bdf4-991fa66e508d","Legacy user reference could not be mapped"
"missing-user","AbpAuditLogs","3a1fef99-63a0-dd2a-69f5-3c513263c95a","UserId","3a1edc89-5a1c-6370-bdf4-991fa66e508d","Legacy user reference could not be mapped"
"missing-user","AbpAuditLogs","3a1fef99-79c2-df02-ae6d-4c0df3ef1f67","UserId","3a1edc89-5a1c-6370-bdf4-991fa66e508d","Legacy user reference could not be mapped"
"missing-user","AbpAuditLogs","3a1fef99-8a43-b21f-0029-03ea6c43ea43","UserId","3a1edc89-5a1c-6370-bdf4-991fa66e508d","Legacy user reference could not be mapped"
"missing-user","AbpAuditLogs","3a1fef99-a911-1f83-900d-46cd5606fa84","UserId","3a1edc89-5a1c-6370-bdf4-991fa66e508d","Legacy user reference could not be mapped"
"missing-user","AbpAuditLogs","3a1fef99-ba9c-0677-5b31-f59e71e8cc73","UserId","3a1edc89-5a1c-6370-bdf4-991fa66e508d","Legacy user reference could not be mapped"
"missing-user","AbpAuditLogs","3a1fef99-c1ca-1a96-9c3a-87e52f05c670","UserId","3a1edc89-5a1c-6370-bdf4-991fa66e508d","Legacy user reference could not be mapped"
"missing-user","AbpAuditLogs","3a1fef99-ee97-05fa-534e-7b401c6188b1","UserId","3a1edc89-5a1c-6370-bdf4-991fa66e508d","Legacy user reference could not be mapped"
"missing-user","AbpAuditLogs","3a1fef99-f978-00d5-2b3b-c050e2416571","UserId","3a1edc89-5a1c-6370-bdf4-991fa66e508d","Legacy user reference could not be mapped"
"missing-user","AbpAuditLogs","3a1fef9a-8b38-ad39-e8c4-4ea06ecabb54","UserId","3a1edc89-5a1c-6370-bdf4-991fa66e508d","Legacy user reference could not be mapped"
"missing-user","AbpAuditLogs","3a1fef9a-d974-3866-694d-140270deec25","UserId","3a1edc89-5a1c-6370-bdf4-991fa66e508d","Legacy user reference could not be mapped"
"missing-user","AbpAuditLogs","3a1fef9b-4436-914d-9134-e07f9122cb16","UserId","3a1edc89-5a1c-6370-bdf4-991fa66e508d","Legacy user reference could not be mapped"
"missing-user","AbpAuditLogs","3a1fef9b-5fdb-ba79-5fd5-d5cb531b4526","UserId","3a1edc89-5a1c-6370-bdf4-991fa66e508d","Legacy user reference could not be mapped"
"missing-user","AbpAuditLogs","3a1fef9b-699b-1925-9b83-2f8d8591bd54","UserId","3a1edc89-5a1c-6370-bdf4-991fa66e508d","Legacy user reference could not be mapped"
"missing-user","AbpAuditLogs","3a1fef9b-7523-b85d-239b-645ca46def27","UserId","3a1edc89-5a1c-6370-bdf4-991fa66e508d","Legacy user reference could not be mapped"
"missing-user","AbpAuditLogs","3a1fef9b-8af4-99c6-0984-f9bc8a82ed51","UserId","3a1edc89-5a1c-6370-bdf4-991fa66e508d","Legacy user reference could not be mapped"
"missing-user","AbpAuditLogs","3a1fef9b-9aed-867e-3c33-0e9e6b60d1aa","UserId","3a1edc89-5a1c-6370-bdf4-991fa66e508d","Legacy user reference could not be mapped"
"missing-user","AbpAuditLogs","3a1fef9d-6f09-8d98-86aa-858cad0bf939","UserId","3a1edc89-5a1c-6370-bdf4-991fa66e508d","Legacy user reference could not be mapped"
"missing-user","AbpAuditLogs","3a1fef9d-92e1-eae1-4c75-8b35bc351a13","UserId","3a1edc89-5a1c-6370-bdf4-991fa66e508d","Legacy user reference could not be mapped"
"missing-user","AbpAuditLogs","3a1ff47e-9ce0-02d5-2104-833e4424bcf2","UserId","3a1edc89-5a1c-6370-bdf4-991fa66e508d","Legacy user reference could not be mapped"
"missing-user","AbpAuditLogs","3a1ff47f-444b-3924-2808-8e544e81d59d","UserId","3a1edc89-5a1c-6370-bdf4-991fa66e508d","Legacy user reference could not be mapped"
"missing-user","AbpAuditLogs","3a1ff47f-686a-4802-4512-907c0676857f","UserId","3a1edc89-5a1c-6370-bdf4-991fa66e508d","Legacy user reference could not be mapped"
"missing-user","AbpAuditLogs","3a1ff480-5c7a-31db-2a7c-5beb08b8fbb9","UserId","3a1edc89-5a1c-6370-bdf4-991fa66e508d","Legacy user reference could not be mapped"
"missing-user","AbpAuditLogs","3a1ff480-ade7-392f-4652-5785ab9363cc","UserId","3a1edc89-5a1c-6370-bdf4-991fa66e508d","Legacy user reference could not be mapped"
"missing-user","AbpAuditLogs","3a1ff481-9954-5138-cb93-7f2c56b01b27","UserId","3a1edc89-5a1c-6370-bdf4-991fa66e508d","Legacy user reference could not be mapped"
"missing-user","AbpAuditLogs","3a1ff481-dd78-2f0f-ae60-1a51083b51b8","UserId","3a1edc89-5a1c-6370-bdf4-991fa66e508d","Legacy user reference could not be mapped"
"missing-user","AbpAuditLogs","3a1ff484-fd4c-ca08-b279-54b26ee3d572","UserId","3a1edc89-5a1c-6370-bdf4-991fa66e508d","Legacy user reference could not be mapped"
"missing-user","AbpAuditLogs","3a1ff485-6819-f69e-be1a-826c69370115","UserId","3a1edc89-5a1c-6370-bdf4-991fa66e508d","Legacy user reference could not be mapped"
"missing-user","AbpAuditLogs","3a1ff485-7e51-e7a3-73b4-535687a4905d","UserId","3a1edc89-5a1c-6370-bdf4-991fa66e508d","Legacy user reference could not be mapped"
"missing-user","AbpAuditLogs","3a1ff485-932f-44d8-860b-aee0367b863f","UserId","3a1edc89-5a1c-6370-bdf4-991fa66e508d","Legacy user reference could not be mapped"
"missing-user","AbpAuditLogs","3a1ff487-3380-c6f1-3950-4dea0a99573d","UserId","3a1edc89-5a1c-6370-bdf4-991fa66e508d","Legacy user reference could not be mapped"
"missing-user","AbpAuditLogs","3a1ff487-8150-78a0-9f4d-6084b6a53502","UserId","3a1edc89-5a1c-6370-bdf4-991fa66e508d","Legacy user reference could not be mapped"
"missing-user","AbpAuditLogs","3a1ff48a-b8b1-df45-6e15-6e6337e2f347","UserId","3a1edc89-5a1c-6370-bdf4-991fa66e508d","Legacy user reference could not be mapped"
"missing-user","AbpAuditLogs","3a1ff48d-a009-5c63-e85a-94a907e18859","UserId","3a1edc89-5a1c-6370-bdf4-991fa66e508d","Legacy user reference could not be mapped"
"missing-user","AbpAuditLogs","3a1ff48e-4822-f497-dcef-683e48205201","UserId","3a1edc89-5a1c-6370-bdf4-991fa66e508d","Legacy user reference could not be mapped"
"missing-user","AbpAuditLogs","3a1ff48f-5157-6e08-51a6-9545cfc0f55e","UserId","3a1edc89-5a1c-6370-bdf4-991fa66e508d","Legacy user reference could not be mapped"
"missing-user","AbpAuditLogs","3a1ff492-7ae6-120b-04af-03f26d9b5c01","UserId","3a1edc89-5a1c-6370-bdf4-991fa66e508d","Legacy user reference could not be mapped"
"missing-user","AbpAuditLogs","3a1ff492-bfef-cdb8-22c7-88b8bef47673","UserId","3a1edc89-5a1c-6370-bdf4-991fa66e508d","Legacy user reference could not be mapped"
"missing-user","AbpAuditLogs","3a1ff492-de12-bcc1-2da4-8d7cf64bf4dd","UserId","3a1edc89-5a1c-6370-bdf4-991fa66e508d","Legacy user reference could not be mapped"
"missing-user","AbpAuditLogs","3a1ff495-3968-c370-9f8b-59ed563c51e1","UserId","3a1edc89-5a1c-6370-bdf4-991fa66e508d","Legacy user reference could not be mapped"
"missing-user","AbpAuditLogs","3a1ff495-45cf-6f88-9379-e0609e88a8e1","UserId","3a1edc89-5a1c-6370-bdf4-991fa66e508d","Legacy user reference could not be mapped"
"missing-user","AbpAuditLogs","3a1ff498-f23a-da56-1ce1-08c1feb180d7","UserId","3a1edc89-5a1c-6370-bdf4-991fa66e508d","Legacy user reference could not be mapped"
"missing-user","AbpAuditLogs","3a1ff499-0004-16a5-ff1b-6b9f8f8ac0a7","UserId","3a1edc89-5a1c-6370-bdf4-991fa66e508d","Legacy user reference could not be mapped"
"missing-user","AbpAuditLogs","3a1ff49b-2499-73dd-588e-06f06d6f9d38","UserId","3a1edc89-5a1c-6370-bdf4-991fa66e508d","Legacy user reference could not be mapped"
"missing-user","AbpAuditLogs","3a1ff49b-62fa-2cd3-becf-813277f18c6d","UserId","3a1edc89-5a1c-6370-bdf4-991fa66e508d","Legacy user reference could not be mapped"
"missing-user","AbpAuditLogs","3a1ff49c-1006-668b-15c7-b68e968e6126","UserId","3a1edc89-5a1c-6370-bdf4-991fa66e508d","Legacy user reference could not be mapped"
"missing-user","AbpAuditLogs","3a1ff49c-5b8c-f85e-2f53-6fad1027c727","UserId","3a1edc89-5a1c-6370-bdf4-991fa66e508d","Legacy user reference could not be mapped"
"missing-user","AbpAuditLogs","3a1ff49c-da57-9a56-a72a-f5a9fb99c9aa","UserId","3a1edc89-5a1c-6370-bdf4-991fa66e508d","Legacy user reference could not be mapped"
"missing-user","AbpAuditLogs","3a1ff4a1-3beb-cbd7-1b67-4918d16c8276","UserId","3a1edc89-5a1c-6370-bdf4-991fa66e508d","Legacy user reference could not be mapped"
"missing-user","AbpAuditLogs","3a1ff4a1-9213-f4ac-f8b3-d3728da4842e","UserId","3a1edc89-5a1c-6370-bdf4-991fa66e508d","Legacy user reference could not be mapped"
"missing-user","AbpAuditLogs","3a1ff4a2-121c-a88d-f493-8299df8bf837","UserId","3a1edc89-5a1c-6370-bdf4-991fa66e508d","Legacy user reference could not be mapped"
"missing-user","AbpAuditLogs","3a1ff4a2-458d-deca-ece0-3f90fee63102","UserId","3a1edc89-5a1c-6370-bdf4-991fa66e508d","Legacy user reference could not be mapped"
"missing-user","AbpAuditLogs","3a1ff4a2-7040-58b5-3e6b-6d22157d81ba","UserId","3a1edc89-5a1c-6370-bdf4-991fa66e508d","Legacy user reference could not be mapped"
"missing-user","AbpAuditLogs","3a1ff4a2-a49c-008e-bfb0-50afb8dc1174","UserId","3a1edc89-5a1c-6370-bdf4-991fa66e508d","Legacy user reference could not be mapped"
"missing-user","AbpAuditLogs","3a1ff4a2-b11f-91eb-8325-68456c22b179","UserId","3a1edc89-5a1c-6370-bdf4-991fa66e508d","Legacy user reference could not be mapped"
"missing-user","AbpAuditLogs","3a1ff4a2-e35e-8222-4653-117d51e3cb03","UserId","3a1edc89-5a1c-6370-bdf4-991fa66e508d","Legacy user reference could not be mapped"
"missing-user","AbpAuditLogs","3a1ff4a2-f180-7360-cc93-a4a13b438d9e","UserId","3a1edc89-5a1c-6370-bdf4-991fa66e508d","Legacy user reference could not be mapped"
"missing-user","AbpAuditLogs","3a1ff4a4-8ce4-0680-65f1-e6f6ec928443","UserId","3a1edc89-5a1c-6370-bdf4-991fa66e508d","Legacy user reference could not be mapped"
"missing-user","AbpAuditLogs","3a1ff4a5-9540-468f-8cee-06a158772464","UserId","3a1edc89-5a1c-6370-bdf4-991fa66e508d","Legacy user reference could not be mapped"
"missing-user","AbpAuditLogs","3a1ff4a5-b092-8255-3a04-f0900fa5228c","UserId","3a1edc89-5a1c-6370-bdf4-991fa66e508d","Legacy user reference could not be mapped"
"missing-user","AbpAuditLogs","3a1ff4a5-b98a-ad38-e0ce-5cb9308a78b9","UserId","3a1edc89-5a1c-6370-bdf4-991fa66e508d","Legacy user reference could not be mapped"
"missing-user","AbpAuditLogs","3a1ff4a6-23cd-2a72-e268-6150393f0fd7","UserId","3a1edc89-5a1c-6370-bdf4-991fa66e508d","Legacy user reference could not be mapped"
"missing-user","AbpAuditLogs","3a1ff4a6-621c-64be-2e1d-d4fe584dcc37","UserId","3a1edc89-5a1c-6370-bdf4-991fa66e508d","Legacy user reference could not be mapped"
"missing-user","AbpAuditLogs","3a1ff4eb-2d4d-68e9-28ab-c0544b044210","UserId","3a1edc89-5a1c-6370-bdf4-991fa66e508d","Legacy user reference could not be mapped"
"missing-user","AbpAuditLogs","3a1ff8b2-9409-366f-f7b8-ac769871ef36","UserId","3a1edc89-5a1c-6370-bdf4-991fa66e508d","Legacy user reference could not be mapped"
"missing-user","AbpAuditLogs","3a1ff8b2-c406-2975-2413-34417cfcb061","UserId","3a1edc89-5a1c-6370-bdf4-991fa66e508d","Legacy user reference could not be mapped"
"missing-user","AbpAuditLogs","3a1ff8b2-cb02-41cd-d41f-74cf6fd516c0","UserId","3a1edc89-5a1c-6370-bdf4-991fa66e508d","Legacy user reference could not be mapped"
"missing-user","AbpAuditLogs","3a1ff8b2-e09a-3330-4e7b-6280db4a2db7","UserId","3a1edc89-5a1c-6370-bdf4-991fa66e508d","Legacy user reference could not be mapped"
"missing-user","AbpAuditLogs","3a1ff8b2-ff47-454e-4d8c-aa414f7f799e","UserId","3a1edc89-5a1c-6370-bdf4-991fa66e508d","Legacy user reference could not be mapped"
"missing-user","AbpAuditLogs","3a1ff8cd-af86-e3ef-98c5-691a6d3773a8","UserId","3a1edc89-5a1c-6370-bdf4-991fa66e508d","Legacy user reference could not be mapped"
"missing-user","AbpAuditLogs","3a1ff93e-8554-1536-580e-a8edce50f4f5","UserId","3a1edc89-5a1c-6370-bdf4-991fa66e508d","Legacy user reference could not be mapped"
"missing-user","AbpAuditLogs","3a1ff93e-9506-93a9-e0fc-cdc8909ca0b3","UserId","3a1edc89-5a1c-6370-bdf4-991fa66e508d","Legacy user reference could not be mapped"
"missing-user","AbpAuditLogs","3a1ff93e-a26d-1891-1ce4-1f3ec76d735c","UserId","3a1edc89-5a1c-6370-bdf4-991fa66e508d","Legacy user reference could not be mapped"
"missing-user","AbpAuditLogs","3a1ff93e-b8cd-1e9a-7088-6966aa1678bf","UserId","3a1edc89-5a1c-6370-bdf4-991fa66e508d","Legacy user reference could not be mapped"
"missing-user","AbpAuditLogs","3a1ff93e-c7b1-5353-6dd7-043840a7f1f2","UserId","3a1edc89-5a1c-6370-bdf4-991fa66e508d","Legacy user reference could not be mapped"
"missing-user","AbpAuditLogs","3a1ff93f-5a0d-1d9e-011c-55203358c18e","UserId","3a1edc89-5a1c-6370-bdf4-991fa66e508d","Legacy user reference could not be mapped"
"missing-user","AbpAuditLogs","3a1ff93f-fc1c-a2ce-5524-07093736dd4f","UserId","3a1edc89-5a1c-6370-bdf4-991fa66e508d","Legacy user reference could not be mapped"
"missing-user","AbpAuditLogs","3a1ff940-0b6a-c6c6-b358-233eda1983d9","UserId","3a1edc89-5a1c-6370-bdf4-991fa66e508d","Legacy user reference could not be mapped"
"missing-user","AbpAuditLogs","3a1ff940-1b10-7983-b813-cd342c2911de","UserId","3a1edc89-5a1c-6370-bdf4-991fa66e508d","Legacy user reference could not be mapped"
"missing-user","AbpAuditLogs","3a1ff940-5efc-cc89-8870-57d07d645385","UserId","3a1edc89-5a1c-6370-bdf4-991fa66e508d","Legacy user reference could not be mapped"
"missing-user","AbpAuditLogs","3a1ff945-c52e-7059-f888-e2bd81d03a15","UserId","3a1edc89-5a1c-6370-bdf4-991fa66e508d","Legacy user reference could not be mapped"
"missing-user","AbpAuditLogs","3a1ff946-bfd7-4e16-8e0a-19915b1ecbd7","UserId","3a1edc89-5a1c-6370-bdf4-991fa66e508d","Legacy user reference could not be mapped"
"missing-user","AbpAuditLogs","3a1ff946-e525-f382-16ce-d6157f0bed10","UserId","3a1edc89-5a1c-6370-bdf4-991fa66e508d","Legacy user reference could not be mapped"
"missing-user","AbpAuditLogs","3a1ff947-02e6-7f7f-e811-3aef7b6dfa6d","UserId","3a1edc89-5a1c-6370-bdf4-991fa66e508d","Legacy user reference could not be mapped"
"missing-user","AbpAuditLogs","3a1ff947-1495-64cb-95f2-af32f4373861","UserId","3a1edc89-5a1c-6370-bdf4-991fa66e508d","Legacy user reference could not be mapped"
"missing-user","AbpAuditLogs","3a1ff947-3096-3e4a-4465-3bc2bdffc350","UserId","3a1edc89-5a1c-6370-bdf4-991fa66e508d","Legacy user reference could not be mapped"
"missing-user","AbpAuditLogs","3a1ff947-5373-3ae0-03cd-b60729a2d6bb","UserId","3a1edc89-5a1c-6370-bdf4-991fa66e508d","Legacy user reference could not be mapped"
"missing-user","AbpAuditLogs","3a1ff94a-d357-1f15-0516-36aff25daf35","UserId","3a1edc89-5a1c-6370-bdf4-991fa66e508d","Legacy user reference could not be mapped"
"missing-user","AbpAuditLogs","3a1ff94a-db7b-cfba-cab2-cd46aee145f0","UserId","3a1edc89-5a1c-6370-bdf4-991fa66e508d","Legacy user reference could not be mapped"
"missing-user","AbpAuditLogs","3a1ff94a-e2df-5b92-f5b6-b60a01b25d3c","UserId","3a1edc89-5a1c-6370-bdf4-991fa66e508d","Legacy user reference could not be mapped"
"missing-user","AbpAuditLogs","3a1ff94b-0c7e-ef75-f258-e212316418ec","UserId","3a1edc89-5a1c-6370-bdf4-991fa66e508d","Legacy user reference could not be mapped"
"missing-user","AbpAuditLogs","3a1ff94b-1d68-d628-6276-0fe654db01ff","UserId","3a1edc89-5a1c-6370-bdf4-991fa66e508d","Legacy user reference could not be mapped"
"missing-user","AbpAuditLogs","3a1ff95f-41a3-c12c-2457-f0b32009e0c1","UserId","3a1edc89-5a1c-6370-bdf4-991fa66e508d","Legacy user reference could not be mapped"
"missing-user","AbpAuditLogs","3a1ff95f-a36f-d28a-a797-9dee1b6271b0","UserId","3a1edc89-5a1c-6370-bdf4-991fa66e508d","Legacy user reference could not be mapped"
"missing-user","AbpAuditLogs","3a1ff95f-dd90-015b-6938-d09503926a45","UserId","3a1edc89-5a1c-6370-bdf4-991fa66e508d","Legacy user reference could not be mapped"
"missing-user","AbpAuditLogs","3a1ff960-2fe3-1d38-a127-222f41803b17","UserId","3a1edc89-5a1c-6370-bdf4-991fa66e508d","Legacy user reference could not be mapped"
"missing-user","AbpAuditLogs","3a1ff969-d82e-b3e9-b517-ea4c88af8530","UserId","3a1edc89-5a1c-6370-bdf4-991fa66e508d","Legacy user reference could not be mapped"
"missing-user","AbpAuditLogs","3a1ff969-e04f-7d37-ca3e-03e10913744f","UserId","3a1edc89-5a1c-6370-bdf4-991fa66e508d","Legacy user reference could not be mapped"
"missing-user","AbpAuditLogs","3a1ff96a-0f51-d0fe-73ad-2eb607abc35b","UserId","3a1edc89-5a1c-6370-bdf4-991fa66e508d","Legacy user reference could not be mapped"
"missing-user","AbpAuditLogs","3a1ff96a-1a5b-29b8-d18b-c1d5d3d57f7e","UserId","3a1edc89-5a1c-6370-bdf4-991fa66e508d","Legacy user reference could not be mapped"
"missing-user","AbpAuditLogs","3a1ff96a-76ba-69b9-254a-26502895ec8a","UserId","3a1edc89-5a1c-6370-bdf4-991fa66e508d","Legacy user reference could not be mapped"
"missing-user","AbpAuditLogs","3a1ff96a-7dee-c9c4-c383-42a2d3597dac","UserId","3a1edc89-5a1c-6370-bdf4-991fa66e508d","Legacy user reference could not be mapped"
"missing-user","AbpAuditLogs","3a1ff96a-f58a-b446-34c8-ea0068d03cf5","UserId","3a1edc89-5a1c-6370-bdf4-991fa66e508d","Legacy user reference could not be mapped"
"missing-user","AbpAuditLogs","3a1ff96a-fd7d-83ee-8eb8-f9c6f2c47d6c","UserId","3a1edc89-5a1c-6370-bdf4-991fa66e508d","Legacy user reference could not be mapped"
"missing-user","AbpAuditLogs","3a1ff96b-6dd2-4bdc-ef40-c020d3a05693","UserId","3a1edc89-5a1c-6370-bdf4-991fa66e508d","Legacy user reference could not be mapped"
"missing-user","AbpAuditLogs","3a1ff96b-9ab1-1679-c4ca-5ed4532c256c","UserId","3a1edc89-5a1c-6370-bdf4-991fa66e508d","Legacy user reference could not be mapped"
"missing-user","AbpAuditLogs","3a1ff96b-a42a-14d3-6a1b-60a29d2e17f5","UserId","3a1edc89-5a1c-6370-bdf4-991fa66e508d","Legacy user reference could not be mapped"
"missing-user","AbpAuditLogs","3a1ff96b-dbc4-2b4e-4f01-d1eee75e7e73","UserId","3a1edc89-5a1c-6370-bdf4-991fa66e508d","Legacy user reference could not be mapped"
"missing-user","AbpAuditLogs","3a1ff96b-e429-d0a4-e992-7255877625f4","UserId","3a1edc89-5a1c-6370-bdf4-991fa66e508d","Legacy user reference could not be mapped"
"missing-user","AbpAuditLogs","3a1ff970-37e7-00c0-f9b1-7e76a49858ae","UserId","3a1edc89-5a1c-6370-bdf4-991fa66e508d","Legacy user reference could not be mapped"
"missing-user","AbpAuditLogs","3a1ff970-5349-5867-2773-a436ea47849d","UserId","3a1edc89-5a1c-6370-bdf4-991fa66e508d","Legacy user reference could not be mapped"
"missing-user","AbpAuditLogs","3a1ff970-6554-5043-3526-dc0921d9007c","UserId","3a1edc89-5a1c-6370-bdf4-991fa66e508d","Legacy user reference could not be mapped"
"missing-user","AbpAuditLogs","3a1ff971-88b9-8ec8-f71c-74726a6e9cf9","UserId","3a1edc89-5a1c-6370-bdf4-991fa66e508d","Legacy user reference could not be mapped"
"missing-user","AbpAuditLogs","3a1ff972-f13e-e84f-41eb-a0f0bbd40b35","UserId","3a1edc89-5a1c-6370-bdf4-991fa66e508d","Legacy user reference could not be mapped"
"missing-user","AbpAuditLogs","3a1ff973-0ce7-46f3-b93a-c8efcce6ea0e","UserId","3a1edc89-5a1c-6370-bdf4-991fa66e508d","Legacy user reference could not be mapped"
"missing-user","AbpAuditLogs","3a1ff973-2569-190f-1a73-76747eeca984","UserId","3a1edc89-5a1c-6370-bdf4-991fa66e508d","Legacy user reference could not be mapped"
"missing-user","AbpAuditLogs","3a1ff974-3855-366b-1021-058ba8323204","UserId","3a1edc89-5a1c-6370-bdf4-991fa66e508d","Legacy user reference could not be mapped"
"missing-user","AbpAuditLogs","3a1ff974-4cc2-083f-947f-89e9277fd673","UserId","3a1edc89-5a1c-6370-bdf4-991fa66e508d","Legacy user reference could not be mapped"
"missing-user","AbpAuditLogs","3a1ff974-5947-b5f5-5525-ea8ae28e701b","UserId","3a1edc89-5a1c-6370-bdf4-991fa66e508d","Legacy user reference could not be mapped"
"missing-user","AbpAuditLogs","3a1ff974-b1b6-238f-f4c2-2d2248e343a0","UserId","3a1edc89-5a1c-6370-bdf4-991fa66e508d","Legacy user reference could not be mapped"
"missing-user","AbpAuditLogs","3a1ff974-c818-ad13-57c3-7adac2400f64","UserId","3a1edc89-5a1c-6370-bdf4-991fa66e508d","Legacy user reference could not be mapped"
"missing-user","AbpAuditLogs","3a1ff974-d098-5b2d-cb4f-4afe14b8d881","UserId","3a1edc89-5a1c-6370-bdf4-991fa66e508d","Legacy user reference could not be mapped"
"missing-user","AbpAuditLogs","3a1ff975-8f70-dec9-cc44-404257574cef","UserId","3a1edc89-5a1c-6370-bdf4-991fa66e508d","Legacy user reference could not be mapped"
"missing-user","AbpAuditLogs","3a1ff975-a917-fdcd-4eb3-482f62836b10","UserId","3a1edc89-5a1c-6370-bdf4-991fa66e508d","Legacy user reference could not be mapped"
"missing-user","AbpAuditLogs","3a1ff97b-4b6f-1120-f61e-3ad5840a1854","UserId","3a1edc89-5a1c-6370-bdf4-991fa66e508d","Legacy user reference could not be mapped"
"missing-user","AbpAuditLogs","3a1ff97b-68e7-13e0-967a-0d4a64f6f137","UserId","3a1edc89-5a1c-6370-bdf4-991fa66e508d","Legacy user reference could not be mapped"
"missing-user","AbpAuditLogs","3a1ff980-4fc5-b5c7-cdb1-bc1f253b1110","UserId","3a1edc89-5a1c-6370-bdf4-991fa66e508d","Legacy user reference could not be mapped"
"missing-user","AbpAuditLogs","3a1ff980-5ead-c2c2-a9b8-ce3e35fb1668","UserId","3a1edc89-5a1c-6370-bdf4-991fa66e508d","Legacy user reference could not be mapped"
"missing-user","AbpAuditLogs","3a1ff982-c1b4-fa15-7dca-7f7c7e90e366","UserId","3a1edc89-5a1c-6370-bdf4-991fa66e508d","Legacy user reference could not be mapped"
"missing-user","AbpAuditLogs","3a1ff982-cb55-42dc-5db4-51ad9d73b50e","UserId","3a1edc89-5a1c-6370-bdf4-991fa66e508d","Legacy user reference could not be mapped"
"missing-user","AbpAuditLogs","3a1ff985-72d8-5725-b643-4e16ba56be6e","UserId","3a1edc89-5a1c-6370-bdf4-991fa66e508d","Legacy user reference could not be mapped"
"missing-user","AbpAuditLogs","3a1ff985-8eeb-559a-dc91-b81c006a9e3b","UserId","3a1edc89-5a1c-6370-bdf4-991fa66e508d","Legacy user reference could not be mapped"
"missing-user","AbpAuditLogs","3a1ff985-982e-a944-71b9-e67e924067cc","UserId","3a1edc89-5a1c-6370-bdf4-991fa66e508d","Legacy user reference could not be mapped"
"missing-user","AbpAuditLogs","3a1ff990-098f-1f4e-2487-6c308377dba0","UserId","3a1edc89-5a1c-6370-bdf4-991fa66e508d","Legacy user reference could not be mapped"
"missing-user","AbpAuditLogs","3a1ff990-2def-12f3-4d38-3aa6eb1d9707","UserId","3a1edc89-5a1c-6370-bdf4-991fa66e508d","Legacy user reference could not be mapped"
"missing-user","AbpAuditLogs","3a1ff993-dca4-aefa-5d3f-4ebca8d867aa","UserId","3a1edc89-5a1c-6370-bdf4-991fa66e508d","Legacy user reference could not be mapped"
"missing-user","AbpAuditLogs","3a1ff9a5-157b-a755-bf02-b3212e304bb4","UserId","3a1edc89-5a1c-6370-bdf4-991fa66e508d","Legacy user reference could not be mapped"
"missing-user","AbpAuditLogs","3a1ff9a6-cdc7-d27a-0d5b-b83e413ebbe3","UserId","3a1edc89-5a1c-6370-bdf4-991fa66e508d","Legacy user reference could not be mapped"
"missing-user","AbpAuditLogs","3a1ff9a6-fab3-b869-bac1-a73f91d3191c","UserId","3a1edc89-5a1c-6370-bdf4-991fa66e508d","Legacy user reference could not be mapped"
"missing-user","AbpAuditLogs","3a1ff9a9-592b-b24a-fb8e-e70e1f4e5abd","UserId","3a1edc89-5a1c-6370-bdf4-991fa66e508d","Legacy user reference could not be mapped"
"missing-user","AbpAuditLogs","3a1ff9a9-670c-04da-5277-7e3fe2239fe9","UserId","3a1edc89-5a1c-6370-bdf4-991fa66e508d","Legacy user reference could not be mapped"
"missing-user","AbpAuditLogs","3a1ff9a9-f59c-e339-16db-13628124e961","UserId","3a1edc89-5a1c-6370-bdf4-991fa66e508d","Legacy user reference could not be mapped"
"missing-user","AbpAuditLogs","3a1ff9aa-cb56-7cbb-16c5-f0a5172ccff5","UserId","3a1edc89-5a1c-6370-bdf4-991fa66e508d","Legacy user reference could not be mapped"
"missing-user","AbpAuditLogs","3a1ffe7a-afa8-23b1-94d1-c2cbdf43f8f5","UserId","3a1edc89-5a1c-6370-bdf4-991fa66e508d","Legacy user reference could not be mapped"
"missing-user","AbpAuditLogs","3a1ffe7a-c07f-c4dd-2072-69578ea1c9ec","UserId","3a1edc89-5a1c-6370-bdf4-991fa66e508d","Legacy user reference could not be mapped"
"missing-user","AbpAuditLogs","3a1ffe84-5781-d1ba-96b4-ce0c5f1d9aaf","UserId","3a1edc89-5a1c-6370-bdf4-991fa66e508d","Legacy user reference could not be mapped"
"missing-user","AbpAuditLogs","3a1ffe84-7cba-4115-4480-774a2d06fe5c","UserId","3a1edc89-5a1c-6370-bdf4-991fa66e508d","Legacy user reference could not be mapped"
"missing-user","AbpAuditLogs","3a1ffe85-2d71-28ee-19b5-0bef0247d034","UserId","3a1edc89-5a1c-6370-bdf4-991fa66e508d","Legacy user reference could not be mapped"
"missing-user","AbpAuditLogs","3a1ffe85-30c8-1006-cf58-c90dd04d9376","UserId","3a1edc89-5a1c-6370-bdf4-991fa66e508d","Legacy user reference could not be mapped"
"missing-user","AbpAuditLogs","3a1ffe85-56fc-7627-8d50-7fd67d6c77be","UserId","3a1edc89-5a1c-6370-bdf4-991fa66e508d","Legacy user reference could not be mapped"
"missing-user","AbpAuditLogs","3a1ffe86-00e0-37a4-3aeb-b17c6b9e5917","UserId","3a1edc89-5a1c-6370-bdf4-991fa66e508d","Legacy user reference could not be mapped"
"missing-user","AbpAuditLogs","3a1ffe88-787c-2d19-4319-c030623affc6","UserId","3a1edc89-5a1c-6370-bdf4-991fa66e508d","Legacy user reference could not be mapped"
"missing-user","AbpAuditLogs","3a1ffe88-793b-a9a9-23e3-0fddfa18331e","UserId","3a1edc89-5a1c-6370-bdf4-991fa66e508d","Legacy user reference could not be mapped"
"missing-user","AbpAuditLogs","3a1ffe88-79f9-4572-7e5b-0f56514f230d","UserId","3a1edc89-5a1c-6370-bdf4-991fa66e508d","Legacy user reference could not be mapped"
"missing-user","AbpAuditLogs","3a1ffe88-7c4a-021a-5a49-a7fe8b1c1e19","UserId","3a1edc89-5a1c-6370-bdf4-991fa66e508d","Legacy user reference could not be mapped"
"missing-user","AbpAuditLogs","3a1ffe88-8474-9af2-aade-73f950b2c02d","UserId","3a1edc89-5a1c-6370-bdf4-991fa66e508d","Legacy user reference could not be mapped"
"missing-user","AbpAuditLogs","3a1ffe88-9fec-fc04-98c3-0472a8585801","UserId","3a1edc89-5a1c-6370-bdf4-991fa66e508d","Legacy user reference could not be mapped"
"missing-user","AbpAuditLogs","3a1ffe88-a604-b869-7a20-e25fa5263935","UserId","3a1edc89-5a1c-6370-bdf4-991fa66e508d","Legacy user reference could not be mapped"
"missing-user","AbpAuditLogs","3a1ffe89-5dac-ecb4-ab67-df71cdfc6698","UserId","3a1edc89-5a1c-6370-bdf4-991fa66e508d","Legacy user reference could not be mapped"
"missing-user","AbpAuditLogs","3a1ffe89-8d77-4ccb-98bf-a228b08c594b","UserId","3a1edc89-5a1c-6370-bdf4-991fa66e508d","Legacy user reference could not be mapped"
"missing-user","AbpAuditLogs","3a1ffe89-afca-47d2-c04a-4579af47769a","UserId","3a1edc89-5a1c-6370-bdf4-991fa66e508d","Legacy user reference could not be mapped"
"missing-user","AbpAuditLogs","3a1ffe89-ea92-cf1e-ccf7-1c13bd105e8e","UserId","3a1edc89-5a1c-6370-bdf4-991fa66e508d","Legacy user reference could not be mapped"
"missing-user","AbpAuditLogs","3a1ffe89-fd85-1e3d-cb41-f9a3f77bcf9f","UserId","3a1edc89-5a1c-6370-bdf4-991fa66e508d","Legacy user reference could not be mapped"
"missing-user","AbpAuditLogs","3a1ffe92-dc0e-878a-e6af-fc6f0ea553cc","UserId","3a1edc89-5a1c-6370-bdf4-991fa66e508d","Legacy user reference could not be mapped"
"missing-user","AbpAuditLogs","3a1ffe94-905f-c22e-f810-092b5c5417d6","UserId","3a1edc89-5a1c-6370-bdf4-991fa66e508d","Legacy user reference could not be mapped"
"missing-user","AbpAuditLogs","3a1ffe94-bba1-101c-d776-aced1dcad871","UserId","3a1edc89-5a1c-6370-bdf4-991fa66e508d","Legacy user reference could not be mapped"
"missing-user","AbpAuditLogs","3a1ffe94-ce23-99e0-aa79-95ac89b64527","UserId","3a1edc89-5a1c-6370-bdf4-991fa66e508d","Legacy user reference could not be mapped"
"missing-user","AbpAuditLogs","3a1ffe95-1c6e-cf98-c2fb-a33ea6c72710","UserId","3a1edc89-5a1c-6370-bdf4-991fa66e508d","Legacy user reference could not be mapped"
"missing-user","AbpAuditLogs","3a1ffe95-cbb6-96ea-d00e-338e6619422c","UserId","3a1edc89-5a1c-6370-bdf4-991fa66e508d","Legacy user reference could not be mapped"
"missing-user","AbpAuditLogs","3a1ffe95-e11d-cd78-6d26-2ea0f5b899fe","UserId","3a1edc89-5a1c-6370-bdf4-991fa66e508d","Legacy user reference could not be mapped"
"missing-user","AbpAuditLogs","3a2016b1-8405-cc73-c6f6-ef45302d312b","UserId","3a1edc89-5a1c-6370-bdf4-991fa66e508d","Legacy user reference could not be mapped"
"missing-user","AbpAuditLogs","3a2016b1-9123-7bab-a9fa-c68ae51bfada","UserId","3a1edc89-5a1c-6370-bdf4-991fa66e508d","Legacy user reference could not be mapped"
"missing-user","AbpAuditLogs","3a2016b8-d282-7bab-0841-c44954e8ff3e","UserId","3a1edc89-5a1c-6370-bdf4-991fa66e508d","Legacy user reference could not be mapped"
"missing-user","AbpAuditLogs","3a2016b8-dc1b-9b70-b6d7-4dfbd9093eb1","UserId","3a1edc89-5a1c-6370-bdf4-991fa66e508d","Legacy user reference could not be mapped"
"missing-user","AbpAuditLogs","3a2016c6-be83-1e20-e8cb-042c198847b1","UserId","3a1edc89-5a1c-6370-bdf4-991fa66e508d","Legacy user reference could not be mapped"
"missing-user","AbpAuditLogs","3a2016c6-be8d-3eb0-ea30-f46b7948ba7b","UserId","3a1edc89-5a1c-6370-bdf4-991fa66e508d","Legacy user reference could not be mapped"
"missing-user","AbpAuditLogs","3a2016c6-ddb1-f0d9-e1ef-f3382f73a761","UserId","3a1edc89-5a1c-6370-bdf4-991fa66e508d","Legacy user reference could not be mapped"
"missing-user","AbpAuditLogs","3a2016c7-244b-513f-1b1e-011e2275ef0b","UserId","3a1edc89-5a1c-6370-bdf4-991fa66e508d","Legacy user reference could not be mapped"
"missing-user","AbpAuditLogs","3a2016c7-245e-ab89-f645-3927f6dbf4bc","UserId","3a1edc89-5a1c-6370-bdf4-991fa66e508d","Legacy user reference could not be mapped"
"missing-user","AbpAuditLogs","3a2016c7-d589-17d1-00e4-b4e64eb7fac3","UserId","3a1edc89-5a1c-6370-bdf4-991fa66e508d","Legacy user reference could not be mapped"
"missing-user","AbpAuditLogs","3a2016c8-2d1e-7c3f-1d13-b5274b8920cb","UserId","3a1edc89-5a1c-6370-bdf4-991fa66e508d","Legacy user reference could not be mapped"
"missing-user","AbpAuditLogs","3a2016cb-a2e5-3799-b1b3-4cbbed05e1fd","UserId","3a1edc89-5a1c-6370-bdf4-991fa66e508d","Legacy user reference could not be mapped"
"missing-user","AbpAuditLogs","3a2016cd-3d15-8d32-f208-0ddfe5d06814","UserId","3a1edc89-5a1c-6370-bdf4-991fa66e508d","Legacy user reference could not be mapped"
"missing-user","AbpAuditLogs","3a2016e2-9b8a-69b0-c361-fcd1f4b49ac3","UserId","3a1edc89-5a1c-6370-bdf4-991fa66e508d","Legacy user reference could not be mapped"
"missing-user","AbpAuditLogs","3a2016e2-b04d-4979-16ae-35baa32e061d","UserId","3a1edc89-5a1c-6370-bdf4-991fa66e508d","Legacy user reference could not be mapped"
"missing-user","AbpAuditLogs","3a2016e6-4437-81ab-5fbe-a9b66a93b505","UserId","3a1edc89-5a1c-6370-bdf4-991fa66e508d","Legacy user reference could not be mapped"
"missing-user","AbpAuditLogs","3a201c03-7760-a709-41fc-8b5a0e01bff1","UserId","3a1edc89-5a1c-6370-bdf4-991fa66e508d","Legacy user reference could not be mapped"
"missing-user","AbpAuditLogs","3a201c03-c0ae-d177-f79d-ada1d4341f2a","UserId","3a1edc89-5a1c-6370-bdf4-991fa66e508d","Legacy user reference could not be mapped"
"missing-user","AbpAuditLogs","3a201c03-ce9d-e83c-ef2d-f773c98b6f61","UserId","3a1edc89-5a1c-6370-bdf4-991fa66e508d","Legacy user reference could not be mapped"
"missing-user","AbpAuditLogs","3a201c04-fd89-2c36-9858-40b509f976be","UserId","3a1edc89-5a1c-6370-bdf4-991fa66e508d","Legacy user reference could not be mapped"
"missing-user","AbpAuditLogs","3a201c05-50a4-13bd-5b37-999b7ee4025b","UserId","3a1edc89-5a1c-6370-bdf4-991fa66e508d","Legacy user reference could not be mapped"
"missing-user","AbpAuditLogs","3a201c05-9644-da47-4633-4488c35edb56","UserId","3a1edc89-5a1c-6370-bdf4-991fa66e508d","Legacy user reference could not be mapped"
"missing-user","AbpAuditLogs","3a206997-9488-5d2f-cb3f-184d53a79723","UserId","3a1edc89-5a1c-6370-bdf4-991fa66e508d","Legacy user reference could not be mapped"
"missing-user","AbpAuditLogs","3a20699a-c8e5-e8f3-5672-577c26d01ded","UserId","3a1edc89-5a1c-6370-bdf4-991fa66e508d","Legacy user reference could not be mapped"
"missing-user","AbpAuditLogs","3a20699b-51e3-3f2e-d380-52d5094831dd","UserId","3a1edc89-5a1c-6370-bdf4-991fa66e508d","Legacy user reference could not be mapped"
"missing-user","AbpAuditLogs","3a20699c-3376-fd07-90cc-a07805840a43","UserId","3a1edc89-5a1c-6370-bdf4-991fa66e508d","Legacy user reference could not be mapped"
"missing-user","AbpAuditLogs","3a2069a3-4748-2430-1112-32062cf858f1","UserId","3a1edc89-5a1c-6370-bdf4-991fa66e508d","Legacy user reference could not be mapped"
"missing-user","AbpAuditLogs","3a2069a3-deca-8865-df18-3605196621a4","UserId","3a1edc89-5a1c-6370-bdf4-991fa66e508d","Legacy user reference could not be mapped"
"missing-user","AbpAuditLogs","3a2069a6-4c98-127a-727d-cd4fe47127d3","UserId","3a1edc89-5a1c-6370-bdf4-991fa66e508d","Legacy user reference could not be mapped"
"missing-user","AbpAuditLogs","3a2069a6-7a7f-836d-d989-123be8a51ede","UserId","3a1edc89-5a1c-6370-bdf4-991fa66e508d","Legacy user reference could not be mapped"
"missing-user","AbpAuditLogs","3a2069a7-9e10-0cc3-0de7-da83763e8e7e","UserId","3a1edc89-5a1c-6370-bdf4-991fa66e508d","Legacy user reference could not be mapped"
"missing-user","AbpAuditLogs","3a2069ac-f700-d425-4558-9306918ec358","UserId","3a1edc89-5a1c-6370-bdf4-991fa66e508d","Legacy user reference could not be mapped"
"missing-user","AbpAuditLogs","3a2069af-6d1f-6580-4dc5-32cc44ec3635","UserId","3a1edc89-5a1c-6370-bdf4-991fa66e508d","Legacy user reference could not be mapped"
"missing-user","AbpAuditLogs","3a2069b9-cd85-b534-befe-f893e6986bd0","UserId","3a1edc89-5a1c-6370-bdf4-991fa66e508d","Legacy user reference could not be mapped"
"missing-user","AbpAuditLogs","3a2069b9-e72d-8c49-68ee-87afda939a94","UserId","3a1edc89-5a1c-6370-bdf4-991fa66e508d","Legacy user reference could not be mapped"
"missing-user","AbpAuditLogs","3a2069ba-56b8-959d-5e51-3a942c584c97","UserId","3a1edc89-5a1c-6370-bdf4-991fa66e508d","Legacy user reference could not be mapped"
"missing-user","AbpAuditLogs","3a2069ba-6c90-3262-3391-fd0ab46573d5","UserId","3a1edc89-5a1c-6370-bdf4-991fa66e508d","Legacy user reference could not be mapped"
"missing-user","AbpAuditLogs","3a2069ba-a53e-0a50-df44-4fdcab7c6d70","UserId","3a1edc89-5a1c-6370-bdf4-991fa66e508d","Legacy user reference could not be mapped"
"missing-user","AbpAuditLogs","3a2069ba-afb4-87d7-5945-becb273e77aa","UserId","3a1edc89-5a1c-6370-bdf4-991fa66e508d","Legacy user reference could not be mapped"
"missing-user","AbpAuditLogs","3a2069bb-2cf1-7adb-088a-44478937236f","UserId","3a1edc89-5a1c-6370-bdf4-991fa66e508d","Legacy user reference could not be mapped"
"missing-user","AbpAuditLogs","3a2069bb-c707-7b91-6801-a03221aa515d","UserId","3a1edc89-5a1c-6370-bdf4-991fa66e508d","Legacy user reference could not be mapped"
"missing-user","AbpAuditLogs","3a2069bb-d4bd-c6a8-7941-996724cdc23f","UserId","3a1edc89-5a1c-6370-bdf4-991fa66e508d","Legacy user reference could not be mapped"
"missing-user","AbpAuditLogs","3a2069bb-e7ae-4d48-ac37-3a7366768307","UserId","3a1edc89-5a1c-6370-bdf4-991fa66e508d","Legacy user reference could not be mapped"
"missing-user","AbpAuditLogs","3a2069bc-b609-75cf-ac60-1168c9abf71e","UserId","3a1edc89-5a1c-6370-bdf4-991fa66e508d","Legacy user reference could not be mapped"
"missing-user","AbpAuditLogs","3a2069bc-eee7-bd79-ce9c-04f05ef0f1ff","UserId","3a1edc89-5a1c-6370-bdf4-991fa66e508d","Legacy user reference could not be mapped"
"missing-user","AbpAuditLogs","3a2069bf-3a9f-8e29-bd82-7deb1bf176fa","UserId","3a1edc89-5a1c-6370-bdf4-991fa66e508d","Legacy user reference could not be mapped"
"missing-user","AbpAuditLogs","3a2069c4-091a-e08e-6136-31df784783cf","UserId","3a1edc89-5a1c-6370-bdf4-991fa66e508d","Legacy user reference could not be mapped"
"missing-user","AbpAuditLogs","3a2069c4-14a1-7e41-6061-c20066416e7f","UserId","3a1edc89-5a1c-6370-bdf4-991fa66e508d","Legacy user reference could not be mapped"
"missing-user","AbpAuditLogs","3a2069c4-3e64-c24a-1608-289cba698f8f","UserId","3a1edc89-5a1c-6370-bdf4-991fa66e508d","Legacy user reference could not be mapped"
"missing-user","AbpAuditLogs","3a2069c4-5106-5eb4-4fb5-da92647d86bc","UserId","3a1edc89-5a1c-6370-bdf4-991fa66e508d","Legacy user reference could not be mapped"
"missing-user","AbpAuditLogs","3a2069df-50af-1dbf-a6f3-aafd55ead234","UserId","3a1edc89-5a1c-6370-bdf4-991fa66e508d","Legacy user reference could not be mapped"
"missing-user","AbpAuditLogs","3a2069df-6c3b-7b7f-1332-564dc9e4b526","UserId","3a1edc89-5a1c-6370-bdf4-991fa66e508d","Legacy user reference could not be mapped"
"missing-user","AbpAuditLogs","3a2069df-833e-fcd7-6bc5-325e14fa66b9","UserId","3a1edc89-5a1c-6370-bdf4-991fa66e508d","Legacy user reference could not be mapped"
"missing-user","AbpAuditLogs","3a206b01-6e81-8fa5-69e5-4ce6eb453e58","UserId","3a1edc89-5a1c-6370-bdf4-991fa66e508d","Legacy user reference could not be mapped"
"missing-user","AbpAuditLogs","3a206b4d-cf19-2383-062a-535f1e3790a1","UserId","3a1edc89-5a1c-6370-bdf4-991fa66e508d","Legacy user reference could not be mapped"
"missing-user","AbpAuditLogs","3a206b4e-2a3e-eb34-3d23-091f13e118a7","UserId","3a1edc89-5a1c-6370-bdf4-991fa66e508d","Legacy user reference could not be mapped"
"missing-user","AbpAuditLogs","3a206b4e-4d6d-93a3-36ad-794736642a7b","UserId","3a1edc89-5a1c-6370-bdf4-991fa66e508d","Legacy user reference could not be mapped"
"missing-user","AbpAuditLogs","3a206b4e-c17c-75c2-3460-ec37d01fd48d","UserId","3a1edc89-5a1c-6370-bdf4-991fa66e508d","Legacy user reference could not be mapped"
"missing-user","AbpAuditLogs","3a206b52-8019-28c3-e3fd-123c216f4206","UserId","3a1edc89-5a1c-6370-bdf4-991fa66e508d","Legacy user reference could not be mapped"
"missing-user","AbpAuditLogs","3a206b52-99b3-813f-5140-6dfbb91eaf2d","UserId","3a1edc89-5a1c-6370-bdf4-991fa66e508d","Legacy user reference could not be mapped"
"missing-user","AbpAuditLogs","3a206b59-0cfe-1432-a014-66a91f433900","UserId","3a1edc89-5a1c-6370-bdf4-991fa66e508d","Legacy user reference could not be mapped"
"missing-user","AbpAuditLogs","3a206b5b-369a-bc6b-7998-ede7c7d114e9","UserId","3a1edc89-5a1c-6370-bdf4-991fa66e508d","Legacy user reference could not be mapped"
"missing-user","AbpAuditLogs","3a206b60-b2bc-0bdf-2c04-022b38608752","UserId","3a1edc89-5a1c-6370-bdf4-991fa66e508d","Legacy user reference could not be mapped"
"missing-user","AbpAuditLogs","3a206b61-60e7-a03a-66ec-86eb59b7069a","UserId","3a1edc89-5a1c-6370-bdf4-991fa66e508d","Legacy user reference could not be mapped"
"missing-user","AbpAuditLogs","3a206b6d-b331-800a-68f5-fb44f2897d32","UserId","3a1edc89-5a1c-6370-bdf4-991fa66e508d","Legacy user reference could not be mapped"
"missing-user","AbpAuditLogs","3a206b6d-d365-f494-8f46-29a5dbe90a59","UserId","3a1edc89-5a1c-6370-bdf4-991fa66e508d","Legacy user reference could not be mapped"
"missing-user","AbpAuditLogs","3a206b6e-3e18-d005-06fc-d7f066832122","UserId","3a1edc89-5a1c-6370-bdf4-991fa66e508d","Legacy user reference could not be mapped"
"missing-user","AbpAuditLogs","3a206b6e-6852-77ea-3aee-7abc6e7ce428","UserId","3a1edc89-5a1c-6370-bdf4-991fa66e508d","Legacy user reference could not be mapped"
"missing-user","AbpAuditLogs","3a206b6e-6a0b-7822-f6cf-574c5900f589","UserId","3a1edc89-5a1c-6370-bdf4-991fa66e508d","Legacy user reference could not be mapped"
"missing-user","AbpAuditLogs","3a206b6e-7c99-952a-dbfa-706db4e040f9","UserId","3a1edc89-5a1c-6370-bdf4-991fa66e508d","Legacy user reference could not be mapped"
"missing-user","AbpAuditLogs","3a206b6e-9904-0686-5989-fb8cba04baaf","UserId","3a1edc89-5a1c-6370-bdf4-991fa66e508d","Legacy user reference could not be mapped"
"missing-user","AbpAuditLogs","3a206b6e-cb46-883a-987a-fb4471652113","UserId","3a1edc89-5a1c-6370-bdf4-991fa66e508d","Legacy user reference could not be mapped"
"missing-user","AbpAuditLogs","3a206b6e-e578-d52c-1f32-b978d9873b28","UserId","3a1edc89-5a1c-6370-bdf4-991fa66e508d","Legacy user reference could not be mapped"
"missing-user","AbpAuditLogs","3a206b6e-e70b-3d02-7b88-8c0eb65ce4a3","UserId","3a1edc89-5a1c-6370-bdf4-991fa66e508d","Legacy user reference could not be mapped"
"missing-user","AbpAuditLogs","3a206b70-0e7c-4ef3-2dd1-8f312816a880","UserId","3a1edc89-5a1c-6370-bdf4-991fa66e508d","Legacy user reference could not be mapped"
"missing-user","AbpAuditLogs","3a206b70-0f89-318f-279c-1d6d801dc8bf","UserId","3a1edc89-5a1c-6370-bdf4-991fa66e508d","Legacy user reference could not be mapped"
"missing-user","AbpAuditLogs","3a206b70-3697-c2ce-f941-fb73aa374bb1","UserId","3a1edc89-5a1c-6370-bdf4-991fa66e508d","Legacy user reference could not be mapped"
"missing-user","AbpAuditLogs","3a206b70-3ffb-f2f3-0411-fe7a802a3dd2","UserId","3a1edc89-5a1c-6370-bdf4-991fa66e508d","Legacy user reference could not be mapped"
"missing-user","AbpAuditLogs","3a206b71-f288-ad82-9432-1e1889926459","UserId","3a1edc89-5a1c-6370-bdf4-991fa66e508d","Legacy user reference could not be mapped"
"missing-user","AbpAuditLogs","3a206b72-5bfb-7a80-4302-699f75fc5104","UserId","3a1edc89-5a1c-6370-bdf4-991fa66e508d","Legacy user reference could not be mapped"
"relationship","AppUserDepartments","3a1edc6d-3e5b-6ae6-5563-79f1106c05af","DepartmentId","3a1e9431-a577-50d6-b306-6ea18a18fda6","Missing Departments"
"relationship","AppUserDepartments","3a1edc82-2f4e-e486-4787-103563a2ea64","DepartmentId","3a1e9578-21e4-2035-efba-ff99a2879705","Missing Departments"
"relationship","AppUserDepartments","3a206de6-78ea-fef6-d751-a3604eba6475","DepartmentId","3a1e9431-a577-50d6-b306-6ea18a18fda6","Missing Departments"
"relationship","AppUserDepartments","3a206f2e-5a2d-5766-cf32-736cbf6065c5","DepartmentId","3a1e9431-a577-50d6-b306-6ea18a18fda6","Missing Departments"
"relationship","AppUserDepartments","3a206f35-d6f8-0cc7-da4c-caf05eebb9c7","DepartmentId","3a1e94b1-78ea-1d61-cf9f-0ae70989cb8a","Missing Departments"
"relationship","AppUserDepartments","3a208c8b-7f00-d22b-d651-9f3f6ad39ae2","DepartmentId","3a1e9578-21e4-2035-efba-ff99a2879705","Missing Departments"
"relationship","AppDocumentFiles","3a212d2c-b997-e645-f278-d5bca54e104b","DocumentId","3a212d2c-b996-ef5e-26e8-f0ede47d8015","Missing Documents"
"relationship","AppDocumentFiles","3a212d2c-d150-4df0-9e5b-e3d0ab75e00f","DocumentId","3a212d2c-b996-ef5e-26e8-f0ede47d8015","Missing Documents"
"relationship","AppDocumentFiles","3a212d37-c674-e971-8d6c-67b93134fe99","DocumentId","3a212d37-c674-3f91-b38a-6a67cc98c1f7","Missing Documents"
"relationship","AppDocumentFiles","3a212d37-ccb7-7070-2a0b-efa1bab9acc7","DocumentId","3a212d37-c674-3f91-b38a-6a67cc98c1f7","Missing Documents"
"relationship","AppDocumentFiles","3a212d4a-9402-9e8a-4d15-2bb575160189","DocumentId","3a212d4a-9401-46bf-c042-1a33e5597753","Missing Documents"
"relationship","AppDocumentFiles","3a212d4a-9a71-4aa0-166f-5b04877dd66c","DocumentId","3a212d4a-9401-46bf-c042-1a33e5597753","Missing Documents"
"relationship","AppDocumentFiles","3a212d52-0f78-f6f4-5c33-73e5ae48a63a","DocumentId","3a212d52-0f2a-0468-180a-eb9c9e04553f","Missing Documents"
"relationship","AppDocumentFiles","3a212d77-1919-d7cd-8bfd-ffc360f74d3f","DocumentId","3a212d77-18d5-fd08-89be-13590b00a60f","Missing Documents"
"relationship","AppDocumentFiles","3a213b5f-0f30-ab3f-6196-b8729afcf7d0","DocumentId","3a213b5f-0f2f-59a0-8548-0006a166ae9a","Missing Documents"
"relationship","AppDocumentFiles","3a213b5f-15d0-ce2a-faa3-02c61a85dfdc","DocumentId","3a213b5f-0f2f-59a0-8548-0006a166ae9a","Missing Documents"
"relationship","AppDocumentFiles","3a214af8-3d11-ed39-b59e-19db14893a73","DocumentId","3a214af8-3cb7-ed6e-45bd-71ec3d06644f","Missing Documents"
"relationship","AppDocumentFiles","3a214af8-3eac-23f8-86bf-35a50a3e29ea","DocumentId","3a214af8-3cb7-ed6e-45bd-71ec3d06644f","Missing Documents"
"relationship","AppDocumentFiles","3a214c58-2742-31f8-5f20-0d0b1148b2ed","DocumentId","3a214c58-26e1-344e-a66b-5677dbf1c97a","Missing Documents"
"relationship","AppDocumentFiles","3a214c59-5d5b-0198-9ff0-6638d904aa17","DocumentId","3a214c58-26e1-344e-a66b-5677dbf1c97a","Missing Documents"
"relationship","AppDocumentFiles","3a214c88-6842-4b4d-f782-6bc90020bd2e","DocumentId","3a214c88-67f1-3399-c45b-c0477426f55e","Missing Documents"
"relationship","AppDocumentFiles","3a215112-26e3-3fdd-9bec-ac82c04d51ff","DocumentId","3a215112-26e2-a258-26b4-0bcedcec473f","Missing Documents"
"relationship","AppDocumentFiles","3a215112-3d22-3e3a-1ce5-6afa5e3d94c9","DocumentId","3a215112-26e2-a258-26b4-0bcedcec473f","Missing Documents"
"relationship","AppDocumentFiles","3a215668-19a3-32ed-b275-8b27bfb278f2","DocumentId","3a215668-19a3-0353-e838-949cebec9bc0","Missing Documents"
"relationship","AppDocumentFiles","3a215668-20da-f4d0-aa72-387f7c15c639","DocumentId","3a215668-19a3-0353-e838-949cebec9bc0","Missing Documents"
"relationship","AppDocumentFiles","3a216f8a-b602-efab-9425-36cdcdca8cbf","DocumentId","3a216f8a-b5fb-5fa5-c07f-1f67f2c1da14","Missing Documents"
"relationship","AppDocumentFiles","3a216f8a-c19a-f33a-259c-be0537d35b9d","DocumentId","3a216f8a-b5fb-5fa5-c07f-1f67f2c1da14","Missing Documents"
"relationship","AppDocumentFiles","3a216f8b-792a-2efc-6392-41f626ac1ed3","DocumentId","3a216f8b-7929-5471-cbb3-c67c812afe8f","Missing Documents"
"relationship","AppDocumentFiles","3a216f8b-7ef2-645c-46b8-8840229e0d6c","DocumentId","3a216f8b-7929-5471-cbb3-c67c812afe8f","Missing Documents"
"relationship","AppDocumentFiles","3a217ae0-efd2-65aa-2aa4-b46db58487ac","DocumentId","3a217ae0-efd1-2967-d368-92f8270e2d97","Missing Documents"
"relationship","AppDocumentFiles","3a217ae1-01c5-707c-e3fb-f70f87b045fb","DocumentId","3a217ae0-efd1-2967-d368-92f8270e2d97","Missing Documents"
"relationship","AppDocumentFiles","3a217ae3-8cbd-555f-4aa5-a9b241e6487b","DocumentId","3a217ae3-8cbd-f5cc-170a-b51ef668beba","Missing Documents"
"relationship","AppDocumentFiles","3a217ae3-9326-a474-0be4-c56a46440a89","DocumentId","3a217ae3-8cbd-f5cc-170a-b51ef668beba","Missing Documents"
"relationship","AppDocumentFiles","3a217e6f-f953-a476-0e1f-c8a52dc2af77","DocumentId","3a217e6f-f953-db3b-a78d-2c3df2fa23be","Missing Documents"
"relationship","AppDocumentFiles","3a217e70-0219-3db3-960a-a0b2721f6c84","DocumentId","3a217e6f-f953-db3b-a78d-2c3df2fa23be","Missing Documents"
"relationship","AppDocumentFiles","3a217e70-fa12-29a4-7044-8d663df2d06f","DocumentId","3a217e70-fa12-0b1e-b9e6-9c2deef2b7d1","Missing Documents"
"relationship","AppDocumentFiles","3a217e71-005c-8a74-8e09-e49fb6700057","DocumentId","3a217e70-fa12-0b1e-b9e6-9c2deef2b7d1","Missing Documents"
"relationship","AppDocumentFiles","3a217fa6-4bef-b53a-3074-33cb04df99e7","DocumentId","3a217fa6-4bed-d75f-b98a-5ee8a8d5fc91","Missing Documents"
"relationship","AppDocumentFiles","3a217fa6-59b2-fc09-896d-6defee73487a","DocumentId","3a217fa6-4bed-d75f-b98a-5ee8a8d5fc91","Missing Documents"
"relationship","AppDocumentFiles","3a218413-99e7-7978-631e-96400097fd17","DocumentId","3a218413-99e6-2599-69c8-f63c58de04f4","Missing Documents"
"relationship","AppDocumentFiles","3a218413-b301-a155-169c-cbcb5b63976a","DocumentId","3a218413-99e6-2599-69c8-f63c58de04f4","Missing Documents"
"relationship","AppDocumentFiles","3a2184ab-a932-cbc3-f65e-b466a3780785","DocumentId","3a2184ab-a931-3d1d-609e-b03fd365e71a","Missing Documents"
"relationship","AppDocumentFiles","3a2184ab-af74-b472-7c12-42644babfa44","DocumentId","3a2184ab-a931-3d1d-609e-b03fd365e71a","Missing Documents"
"relationship","AppDocumentFiles","3a2184ba-c38d-2872-d778-b37498f26787","DocumentId","3a2184ba-c38c-d5cd-5676-039ff2bb7f38","Missing Documents"
"relationship","AppDocumentFiles","3a2184ba-c9a0-962b-5d57-02bab56a04dd","DocumentId","3a2184ba-c38c-d5cd-5676-039ff2bb7f38","Missing Documents"
"relationship","AppDocumentFiles","3a2184bb-a555-220a-c216-e0b33a45089e","DocumentId","3a2184bb-a555-e103-afb0-fd8243afc2af","Missing Documents"
"relationship","AppDocumentFiles","3a2184bb-ab89-e2dd-39d2-87774a38afc3","DocumentId","3a2184bb-a555-e103-afb0-fd8243afc2af","Missing Documents"
"relationship","AppDocumentFiles","3a218507-4fe9-bf88-fffb-f26f4781237b","DocumentId","3a218507-4f59-8a6e-d077-852333032e4f","Missing Documents"
"relationship","AppDocumentFiles","3a21937f-062a-50ef-7346-aef3e8f59899","DocumentId","3a21937f-062a-8a71-059e-f41918f645f6","Missing Documents"
"relationship","AppDocumentFiles","3a21937f-1c0e-271f-9d7e-e55613b54a45","DocumentId","3a21937f-062a-8a71-059e-f41918f645f6","Missing Documents"
"relationship","AppDocumentFiles","3a219405-389e-6a14-4d28-b821bb07f050","DocumentId","3a219405-389e-3542-6cc7-3777fad28257","Missing Documents"
"relationship","AppDocumentFiles","3a219405-3ef1-edda-d4ae-66f98b8e7bed","DocumentId","3a219405-389e-3542-6cc7-3777fad28257","Missing Documents"
"relationship","AppDocumentFiles","3a219422-9acf-5f16-f37b-5fe256ddba2b","DocumentId","3a219422-9aa2-5937-f776-feb3cbb4dfbe","Missing Documents"
"relationship","AppDocumentFiles","3a219422-a517-d511-4d8e-957ac463a22c","DocumentId","3a219422-9aa2-5937-f776-feb3cbb4dfbe","Missing Documents"
"relationship","AppDocumentFiles","3a2197df-0cae-e379-1b74-e9f51a3824f6","DocumentId","3a2197df-0caa-e729-f29d-e184a088789e","Missing Documents"
"relationship","AppDocumentFiles","3a2197df-1dd6-7ce4-305b-930c91144f86","DocumentId","3a2197df-0caa-e729-f29d-e184a088789e","Missing Documents"
"relationship","AppDocumentFiles","3a219830-3972-f897-6fe3-dc70ca6bf99b","DocumentId","3a219830-3971-221d-4de7-2daa98f597b6","Missing Documents"
"relationship","AppDocumentFiles","3a219830-3fb6-b1da-ba74-84722432c291","DocumentId","3a219830-3971-221d-4de7-2daa98f597b6","Missing Documents"
"relationship","AppDocumentFiles","3a219862-bcad-c3a3-75f3-11e4120d0fc7","DocumentId","3a219862-bcac-ec84-3bff-91bb175f6473","Missing Documents"
"relationship","AppDocumentFiles","3a219862-c302-18ba-56a0-5dbed770f852","DocumentId","3a219862-bcac-ec84-3bff-91bb175f6473","Missing Documents"
"relationship","AppDocumentFiles","3a219868-8bd8-d16f-d814-47e1bd911545","DocumentId","3a219868-8bd8-ba52-23bb-0134d4507512","Missing Documents"
"relationship","AppDocumentFiles","3a219868-92b4-0d22-55bf-7ba0477854aa","DocumentId","3a219868-8bd8-ba52-23bb-0134d4507512","Missing Documents"
"relationship","AppDocumentFiles","3a21986b-8bfb-f8bb-7a66-6f967c2c7471","DocumentId","3a21986b-8bfb-23cd-6f09-fbe590d8231f","Missing Documents"
"relationship","AppDocumentFiles","3a21986b-9215-bee1-6d36-3f60a2a6b9f4","DocumentId","3a21986b-8bfb-23cd-6f09-fbe590d8231f","Missing Documents"
"relationship","AppDocumentFiles","3a21986f-089e-0218-25b1-012742a0d5a2","DocumentId","3a21986f-089e-41a9-4c4b-d01df01fa367","Missing Documents"
"relationship","AppDocumentFiles","3a21986f-0f3a-aa9c-7ad8-d8f99ebd806d","DocumentId","3a21986f-089e-41a9-4c4b-d01df01fa367","Missing Documents"
"relationship","AppDocumentFiles","3a21989c-da81-3fbe-74fb-5a10a5afbc73","DocumentId","3a21989c-da81-5d3f-5482-92bd5a50616c","Missing Documents"
"relationship","AppDocumentFiles","3a21989c-e124-5fdd-d4d7-0bc871b858a3","DocumentId","3a21989c-da81-5d3f-5482-92bd5a50616c","Missing Documents"
"relationship","AppDocumentFiles","3a2198e0-677f-c523-3171-d24fc347259f","DocumentId","3a2198e0-677e-c9fd-2b62-d716e119aa4b","Missing Documents"
"relationship","AppDocumentFiles","3a2198e0-7988-a70e-de86-1453b8020a69","DocumentId","3a2198e0-677e-c9fd-2b62-d716e119aa4b","Missing Documents"
"relationship","AppDocumentFiles","3a2198e0-7988-efa8-d224-2ef34ed976b6","DocumentId","3a2198e0-677e-c9fd-2b62-d716e119aa4b","Missing Documents"
"relationship","AppDocumentFiles","3a2198f4-ca1e-5875-2a4a-ec9cec8dfc57","DocumentId","3a2198f4-ca1a-d78f-2631-677b83aca588","Missing Documents"
"relationship","AppDocumentFiles","3a2198f4-d360-2651-e9fc-e8b99f0d4ed6","DocumentId","3a2198f4-ca1a-d78f-2631-677b83aca588","Missing Documents"
"relationship","AppDocumentFiles","3a2198f4-d360-3ca3-1842-dded44f8cd9e","DocumentId","3a2198f4-ca1a-d78f-2631-677b83aca588","Missing Documents"
"relationship","AppDocumentFiles","3a219928-14c7-63c1-bfea-30477d4ad5c8","DocumentId","3a219928-14c6-d54a-d050-7be9f2004f76","Missing Documents"
"relationship","AppDocumentFiles","3a219928-1a7f-1b1c-8401-c36cf874deb3","DocumentId","3a219928-14c6-d54a-d050-7be9f2004f76","Missing Documents"
"relationship","AppDocumentFiles","3a219928-1a7f-90e2-14d8-ffd0931abd2e","DocumentId","3a219928-14c6-d54a-d050-7be9f2004f76","Missing Documents"
"relationship","AppDocumentFiles","3a21994a-5823-42e9-479e-e1ab8cdeceec","DocumentId","3a21994a-581f-372f-0e78-0603eb379fe7","Missing Documents"
"relationship","AppDocumentFiles","3a21994a-65e6-5bf8-5fdb-39ba786c2690","DocumentId","3a21994a-581f-372f-0e78-0603eb379fe7","Missing Documents"
"relationship","AppDocumentFiles","3a21994a-65e6-c3e1-85b8-d2e86e5675b1","DocumentId","3a21994a-581f-372f-0e78-0603eb379fe7","Missing Documents"
"relationship","AppDocumentFiles","3a219957-e850-a6af-fc85-2995ce7b1292","DocumentId","3a219957-e84c-be62-62f3-a13293471cca","Missing Documents"
"relationship","AppDocumentFiles","3a219957-f1c9-25b7-10d0-17d3d2d71700","DocumentId","3a219957-e84c-be62-62f3-a13293471cca","Missing Documents"
"relationship","AppDocumentFiles","3a219957-f1c9-507d-7492-f276cab4737a","DocumentId","3a219957-e84c-be62-62f3-a13293471cca","Missing Documents"
"relationship","AppDocumentFiles","3a21996c-e4be-257a-db90-558a46f6c22e","DocumentId","3a21996c-e4ba-6116-f70d-d3576621fbfc","Missing Documents"
"relationship","AppDocumentFiles","3a21996c-ef2b-0b64-ab72-ef6cc101ae52","DocumentId","3a21996c-e4ba-6116-f70d-d3576621fbfc","Missing Documents"
"relationship","AppDocumentFiles","3a21996c-ef2b-f388-0bc5-2594e703735e","DocumentId","3a21996c-e4ba-6116-f70d-d3576621fbfc","Missing Documents"
"relationship","AppDocumentFiles","3a219974-917b-9467-edc7-0ec95a6d6800","DocumentId","3a219974-917a-3fee-cb80-d74f14345665","Missing Documents"
"relationship","AppDocumentFiles","3a219974-9892-17ce-aced-7cc62c0587fe","DocumentId","3a219974-917a-3fee-cb80-d74f14345665","Missing Documents"
"relationship","AppDocumentFiles","3a219974-9892-72c0-55e8-e8e138f0a94a","DocumentId","3a219974-917a-3fee-cb80-d74f14345665","Missing Documents"
"relationship","AppDocumentFiles","3a219d31-3f73-7ed0-547c-c632273bc2ec","DocumentId","3a219d31-3f72-48b7-4387-a467d3ae2469","Missing Documents"
"relationship","AppDocumentFiles","3a219d31-516e-8c9a-2613-24232a4521e8","DocumentId","3a219d31-3f72-48b7-4387-a467d3ae2469","Missing Documents"
"relationship","AppDocumentFiles","3a219d31-516e-9b6a-1339-36954b099f96","DocumentId","3a219d31-3f72-48b7-4387-a467d3ae2469","Missing Documents"
"relationship","AppDocumentFiles","3a219d5f-205b-ec55-a7e0-2d10079259f9","DocumentId","3a219d5f-205b-e032-c1fc-fa557d7dfe3c","Missing Documents"
"relationship","AppDocumentFiles","3a219d5f-26e6-07c5-2075-989ce2c0d8f2","DocumentId","3a219d5f-205b-e032-c1fc-fa557d7dfe3c","Missing Documents"
"relationship","AppDocumentFiles","3a219d5f-26e6-8b44-bc33-55028dc48e0a","DocumentId","3a219d5f-205b-e032-c1fc-fa557d7dfe3c","Missing Documents"
"relationship","AppDocumentFiles","3a219dac-24a6-74ff-1d8c-d9f7e498174f","DocumentId","3a219dac-24a6-d18e-f3cf-09a344a3d06a","Missing Documents"
"relationship","AppDocumentFiles","3a219dac-2a9c-7d2e-d7fd-6f01f68d50f3","DocumentId","3a219dac-24a6-d18e-f3cf-09a344a3d06a","Missing Documents"
"relationship","AppDocumentFiles","3a219dac-2a9c-804c-25ef-bcc3f8367f95","DocumentId","3a219dac-24a6-d18e-f3cf-09a344a3d06a","Missing Documents"
"relationship","AppDocumentFiles","3a219db5-07a7-1e59-93ab-940254c6bff4","DocumentId","3a219db5-07a3-c8f4-4cd1-cfa48a026a94","Missing Documents"
"relationship","AppDocumentFiles","3a219db5-1015-0962-5381-edcee40557fe","DocumentId","3a219db5-07a3-c8f4-4cd1-cfa48a026a94","Missing Documents"
"relationship","AppDocumentFiles","3a219db5-1015-1684-ede1-feae1382a901","DocumentId","3a219db5-07a3-c8f4-4cd1-cfa48a026a94","Missing Documents"
"relationship","AppDocumentFiles","3a219ddb-e1f5-d2d8-7310-e9558bd6a93b","DocumentId","3a219ddb-e1f4-ce8c-00aa-aabb4a719273","Missing Documents"
"relationship","AppDocumentFiles","3a219ddb-e835-1100-127d-948ae202a129","DocumentId","3a219ddb-e1f4-ce8c-00aa-aabb4a719273","Missing Documents"
"relationship","AppDocumentFiles","3a219ddb-e835-3325-1448-c0e5edfa4bb1","DocumentId","3a219ddb-e1f4-ce8c-00aa-aabb4a719273","Missing Documents"
"relationship","AppDocumentFiles","3a219e07-6ae3-e2de-2905-cbe37cbcab25","DocumentId","3a219e07-6adf-b797-1543-6424c7bb19da","Missing Documents"
"relationship","AppDocumentFiles","3a219e07-7559-aaee-f1fc-e49596a9c7fb","DocumentId","3a219e07-6adf-b797-1543-6424c7bb19da","Missing Documents"
"relationship","AppDocumentFiles","3a219e07-7559-cd88-4815-524da3e15191","DocumentId","3a219e07-6adf-b797-1543-6424c7bb19da","Missing Documents"
"relationship","AppDocumentFiles","3a219e0a-8584-3823-28f6-a8a105515c72","DocumentId","3a219e0a-8583-05ba-1475-cd314847c4ad","Missing Documents"
"relationship","AppDocumentFiles","3a219e0a-8b0f-735c-73fe-8883d3a4fbcc","DocumentId","3a219e0a-8583-05ba-1475-cd314847c4ad","Missing Documents"
"relationship","AppDocumentFiles","3a219e0a-8b0f-86a7-2edb-3cec0847a1f8","DocumentId","3a219e0a-8583-05ba-1475-cd314847c4ad","Missing Documents"
"relationship","AppDocumentFiles","3a219e38-04e3-e576-eff8-dbb254526943","DocumentId","3a219e38-04e0-53bc-1d7c-dcfba8353f2a","Missing Documents"
"relationship","AppDocumentFiles","3a219e38-143f-45ba-604a-6aaa982506fc","DocumentId","3a219e38-04e0-53bc-1d7c-dcfba8353f2a","Missing Documents"
"relationship","AppDocumentFiles","3a219e38-143f-b730-09d3-a548468d5907","DocumentId","3a219e38-04e0-53bc-1d7c-dcfba8353f2a","Missing Documents"
"relationship","AppDocumentFiles","3a219e47-d048-edfd-b657-e4645d33e4e1","DocumentId","3a219e47-d044-b8bf-2174-f4dce2337e99","Missing Documents"
"relationship","AppDocumentFiles","3a219e47-d90f-5159-1052-3e6f8b4163d6","DocumentId","3a219e47-d044-b8bf-2174-f4dce2337e99","Missing Documents"
"relationship","AppDocumentFiles","3a219e47-d90f-c95c-97db-32620b9c3483","DocumentId","3a219e47-d044-b8bf-2174-f4dce2337e99","Missing Documents"
"relationship","AppDocumentFiles","3a219e5f-b43a-f3b9-1a8d-240abcfe01ab","DocumentId","3a219e5f-b436-3e8e-f6ad-d6d8cdd8c0a0","Missing Documents"
"relationship","AppDocumentFiles","3a219e5f-c5a6-4735-d7b3-b88848aa6d09","DocumentId","3a219e5f-b436-3e8e-f6ad-d6d8cdd8c0a0","Missing Documents"
"relationship","AppDocumentFiles","3a219e5f-c5a6-65b7-d14c-397038d2e3db","DocumentId","3a219e5f-b436-3e8e-f6ad-d6d8cdd8c0a0","Missing Documents"
"relationship","AppDocumentFiles","3a219e77-f6ea-6f56-273a-b8eccfe84d12","DocumentId","3a219e77-f6e9-a53a-79df-2c959394fa88","Missing Documents"
"relationship","AppDocumentFiles","3a219e78-0398-3e5b-c443-20abe047f2fe","DocumentId","3a219e77-f6e9-a53a-79df-2c959394fa88","Missing Documents"
"relationship","AppDocumentFiles","3a219e78-0398-ce3f-1266-1de1ae4ac014","DocumentId","3a219e77-f6e9-a53a-79df-2c959394fa88","Missing Documents"
"relationship","AppDocumentFiles","3a219e85-0694-8620-b692-1255130bb8a2","DocumentId","3a219e85-0693-e527-ee89-05696873d6ad","Missing Documents"
"relationship","AppDocumentFiles","3a219e85-0d9d-9165-6ccc-9de471fa778e","DocumentId","3a219e85-0693-e527-ee89-05696873d6ad","Missing Documents"
"relationship","AppDocumentFiles","3a219e85-0d9d-ee3a-d26d-34e7bbf1ec99","DocumentId","3a219e85-0693-e527-ee89-05696873d6ad","Missing Documents"
"relationship","AppDocumentFiles","3a219e94-a593-ea14-ef0d-eb761aa8e18f","DocumentId","3a219e94-a592-34e6-9f1b-d55200bf5bb1","Missing Documents"
"relationship","AppDocumentFiles","3a219e94-ab45-3ba4-1f15-07917e76c88f","DocumentId","3a219e94-a592-34e6-9f1b-d55200bf5bb1","Missing Documents"
"relationship","AppDocumentFiles","3a219e94-ab45-8cad-9d55-76967354c509","DocumentId","3a219e94-a592-34e6-9f1b-d55200bf5bb1","Missing Documents"
"relationship","AppDocumentFiles","3a219e9f-5b3b-7677-0973-7376729f229b","DocumentId","3a219e9f-5b3b-ddce-136c-4bfcd2cfb24e","Missing Documents"
"relationship","AppDocumentFiles","3a219e9f-609b-314b-0056-132fb4ee059b","DocumentId","3a219e9f-5b3b-ddce-136c-4bfcd2cfb24e","Missing Documents"
"relationship","AppDocumentFiles","3a219e9f-609b-d13a-28f4-7369a6bdeb65","DocumentId","3a219e9f-5b3b-ddce-136c-4bfcd2cfb24e","Missing Documents"
"relationship","AppDocumentFiles","3a219f3b-81bb-6337-0547-610ea93c4baa","DocumentId","3a219f3b-81b7-b175-026d-abea7031fb13","Missing Documents"
"relationship","AppDocumentFiles","3a219f3b-8a5e-2e81-b53c-55f3662f5968","DocumentId","3a219f3b-81b7-b175-026d-abea7031fb13","Missing Documents"
"relationship","AppDocumentFiles","3a219f3b-8a5e-e998-d1f6-1f5db371a7d3","DocumentId","3a219f3b-81b7-b175-026d-abea7031fb13","Missing Documents"
"relationship","AppDocumentFiles","3a219f3c-bcd6-3dcc-9086-5bf23993cba4","DocumentId","3a219f3c-bcd5-a387-7e9a-afb7b4f8718a","Missing Documents"
"relationship","AppDocumentFiles","3a219f3c-c2c2-30b6-e51a-0b4d5ea99fb5","DocumentId","3a219f3c-bcd5-a387-7e9a-afb7b4f8718a","Missing Documents"
"relationship","AppDocumentFiles","3a219f3c-c2c2-3a66-7947-30e4f20d4be4","DocumentId","3a219f3c-bcd5-a387-7e9a-afb7b4f8718a","Missing Documents"
"relationship","AppDocumentFiles","3a21a2c2-35eb-5f23-2686-c48bc245bad7","DocumentId","3a21a2c2-35ea-2ee4-d037-3da3b9f54aa4","Missing Documents"
"relationship","AppDocumentFiles","3a21a2c2-3dac-68a0-5344-9e6dea0936bd","DocumentId","3a21a2c2-35ea-2ee4-d037-3da3b9f54aa4","Missing Documents"
"relationship","AppDocumentFiles","3a21a2c2-3dac-6da1-7801-4e7e05eac49d","DocumentId","3a21a2c2-35ea-2ee4-d037-3da3b9f54aa4","Missing Documents"
"relationship","AppDocumentFiles","3a21a2c9-ed3d-7be2-976e-84f5702613fb","DocumentId","3a21a2c9-ed3d-9c9f-6b40-983a05567532","Missing Documents"
"relationship","AppDocumentFiles","3a21a2c9-f2a4-6408-1a02-4f1d799924cb","DocumentId","3a21a2c9-ed3d-9c9f-6b40-983a05567532","Missing Documents"
"relationship","AppDocumentFiles","3a21a2c9-f2a4-c46d-6284-4850e8d73ecb","DocumentId","3a21a2c9-ed3d-9c9f-6b40-983a05567532","Missing Documents"
"relationship","AppDocumentFiles","3a21a2ca-8f87-4723-8a0f-eeb0ed991f43","DocumentId","3a21a2ca-8f86-217f-ed22-4a8ba15b8620","Missing Documents"
"relationship","AppDocumentFiles","3a21a2ca-954e-2031-0a75-679b6fe6ebfb","DocumentId","3a21a2ca-8f86-217f-ed22-4a8ba15b8620","Missing Documents"
"relationship","AppDocumentFiles","3a21a2ca-954e-f064-311f-c4e03736def9","DocumentId","3a21a2ca-8f86-217f-ed22-4a8ba15b8620","Missing Documents"
"relationship","AppDocumentFiles","3a21a3a0-fb54-93cb-2582-438d862100a7","DocumentId","3a21a3a0-fb54-5623-80b9-5d7cc30b005d","Missing Documents"
"relationship","AppDocumentFiles","3a21a3a1-016b-0d29-3609-ab99fbe28548","DocumentId","3a21a3a0-fb54-5623-80b9-5d7cc30b005d","Missing Documents"
"relationship","AppDocumentFiles","3a21a3a1-016b-ff55-3d56-6dbb89b768b8","DocumentId","3a21a3a0-fb54-5623-80b9-5d7cc30b005d","Missing Documents"
"relationship","AppDocumentFiles","3a21a3a1-5f9f-3f42-9c16-7c873da0665f","DocumentId","3a21a3a1-5f9f-3b70-3c6e-ddc5ecad7af8","Missing Documents"
"relationship","AppDocumentFiles","3a21a3a1-6550-128f-ad5d-3376dfb91967","DocumentId","3a21a3a1-5f9f-3b70-3c6e-ddc5ecad7af8","Missing Documents"
"relationship","AppDocumentFiles","3a21a3a1-6550-97d8-65c8-2d182ccc25a2","DocumentId","3a21a3a1-5f9f-3b70-3c6e-ddc5ecad7af8","Missing Documents"
"relationship","AppDocumentFiles","3a21a484-5cb2-7091-cedb-6fa101fdde0d","DocumentId","3a21a484-5caf-5560-48d9-08dd8f50752f","Missing Documents"
"relationship","AppDocumentFiles","3a21a484-674e-adcf-9d0c-8c4c8097d453","DocumentId","3a21a484-5caf-5560-48d9-08dd8f50752f","Missing Documents"
"relationship","AppDocumentFiles","3a21a484-674e-b3c8-b389-66fc48455714","DocumentId","3a21a484-5caf-5560-48d9-08dd8f50752f","Missing Documents"
"relationship","AppDocumentFiles","3a21a81f-e14d-5ee5-82a9-71f73052ccfd","DocumentId","3a21a81f-e149-568a-80cc-2abdc3e1b557","Missing Documents"
"relationship","AppDocumentFiles","3a21a81f-eda5-53e5-8b03-4790382a6e36","DocumentId","3a21a81f-e149-568a-80cc-2abdc3e1b557","Missing Documents"
"relationship","AppDocumentFiles","3a21a81f-eda5-b51f-84b8-aa4149a109ae","DocumentId","3a21a81f-e149-568a-80cc-2abdc3e1b557","Missing Documents"
"relationship","AppDocumentFiles","3a21a82a-b141-7a19-859b-9c3c12a7b34e","DocumentId","3a21a82a-b140-2292-0fef-f12ca2a265c8","Missing Documents"
"relationship","AppDocumentFiles","3a21a82a-b6cb-6f14-5281-cf031d058beb","DocumentId","3a21a82a-b140-2292-0fef-f12ca2a265c8","Missing Documents"
"relationship","AppDocumentFiles","3a21a82a-b6cb-9205-4323-ab8955b9f527","DocumentId","3a21a82a-b140-2292-0fef-f12ca2a265c8","Missing Documents"
"relationship","AppDocumentFiles","3a21a82f-e294-d75e-4e81-9b33789d7e01","DocumentId","3a21a82f-e293-d634-ddfb-60f54405055b","Missing Documents"
"relationship","AppDocumentFiles","3a21a82f-e884-1c89-828d-2ad8f6df6623","DocumentId","3a21a82f-e293-d634-ddfb-60f54405055b","Missing Documents"
"relationship","AppDocumentFiles","3a21a82f-e884-64cb-62da-a40622dc853f","DocumentId","3a21a82f-e293-d634-ddfb-60f54405055b","Missing Documents"
"relationship","AppDocumentFiles","3a21a82f-f7c3-c493-4ca9-7ff15032bcdd","DocumentId","3a21a82f-f7c3-42a0-1e8a-c0f6a21776a4","Missing Documents"
"relationship","AppDocumentFiles","3a21a82f-fd10-a760-1788-20d42dc364f3","DocumentId","3a21a82f-f7c3-42a0-1e8a-c0f6a21776a4","Missing Documents"
"relationship","AppDocumentFiles","3a21a82f-fd10-cb28-8575-62a72f357862","DocumentId","3a21a82f-f7c3-42a0-1e8a-c0f6a21776a4","Missing Documents"
"relationship","AppDocumentFiles","3a21b718-d4fd-8493-bc7e-c4654f655d67","DocumentId","3a21b718-d49f-8422-cc88-ba50fee50222","Missing Documents"
"relationship","AppDocumentFiles","3a21b79a-c4f9-a6a8-8cb5-09a413042bb6","DocumentId","3a21b79a-c4f8-4894-30f1-95fa5ce5b08f","Missing Documents"
"relationship","AppDocumentFiles","3a21b79a-d35b-09ca-a057-2128afd5e3c3","DocumentId","3a21b79a-c4f8-4894-30f1-95fa5ce5b08f","Missing Documents"
"relationship","AppDocumentFiles","3a21b79a-d35b-d762-c8b0-57f95d3751fd","DocumentId","3a21b79a-c4f8-4894-30f1-95fa5ce5b08f","Missing Documents"
"relationship","AppDocumentFiles","3a21b7ae-a29d-3d0d-7775-0b0bf3a10e78","DocumentId","3a21b7ae-a29d-0eb8-0d5e-40227342e69f","Missing Documents"
"relationship","AppDocumentFiles","3a21b7ae-a854-828e-2b58-74016791741d","DocumentId","3a21b7ae-a29d-0eb8-0d5e-40227342e69f","Missing Documents"
"relationship","AppDocumentFiles","3a21b7ae-a854-f290-98a0-7a287aa3a73f","DocumentId","3a21b7ae-a29d-0eb8-0d5e-40227342e69f","Missing Documents"
"relationship","AppDocumentFiles","3a21bcb0-4dcb-975b-8ce8-033c952e77f6","DocumentId","3a21bcb0-4dca-7ee7-6ccb-38a0888e8de2","Missing Documents"
"relationship","AppDocumentFiles","3a21bcb0-5499-0484-c39b-b7cf49765909","DocumentId","3a21bcb0-4dca-7ee7-6ccb-38a0888e8de2","Missing Documents"
"relationship","AppDocumentFiles","3a21bcb0-5499-eb24-4001-9be99f4875dc","DocumentId","3a21bcb0-4dca-7ee7-6ccb-38a0888e8de2","Missing Documents"
"relationship","AppDocumentFiles","3a21bd8f-5104-f30a-3d60-63cd27901dff","DocumentId","3a21bd8f-5103-188e-060c-18211bc7b2d7","Missing Documents"
"relationship","AppDocumentFiles","3a21bd8f-5a15-1c9f-aa3f-e0d6f963a5f5","DocumentId","3a21bd8f-5103-188e-060c-18211bc7b2d7","Missing Documents"
"relationship","AppDocumentFiles","3a21bd8f-5a15-50a4-9fc1-b46b03c67296","DocumentId","3a21bd8f-5103-188e-060c-18211bc7b2d7","Missing Documents"
"relationship","AppDocumentFiles","3a21bd98-92c8-da3a-57c5-01101bf36533","DocumentId","3a21bd98-92c7-a5b2-30c3-a51ef627958d","Missing Documents"
"relationship","AppDocumentFiles","3a21bd98-98bd-11aa-e23f-65a55ad738ac","DocumentId","3a21bd98-92c7-a5b2-30c3-a51ef627958d","Missing Documents"
"relationship","AppDocumentFiles","3a21bd98-98bd-29d9-b03d-47d565cc7262","DocumentId","3a21bd98-92c7-a5b2-30c3-a51ef627958d","Missing Documents"
"relationship","AppDocumentFiles","3a21db69-a282-35d7-bd21-a65f98e8c67a","DocumentId","3a21db69-a22e-92bd-0187-cabf584fbbdf","Missing Documents"
"relationship","AppDocumentFiles","3a21e017-f5e5-74e3-e26b-debaee4879be","DocumentId","3a21e017-f5e4-c4b5-8522-24124468e716","Missing Documents"
"relationship","AppDocumentFiles","3a21e018-0c1f-1f2b-48e1-68d84355973a","DocumentId","3a21e017-f5e4-c4b5-8522-24124468e716","Missing Documents"
"relationship","AppDocumentFiles","3a21e018-0c1f-c1d4-9ac2-68b42107247f","DocumentId","3a21e017-f5e4-c4b5-8522-24124468e716","Missing Documents"
"relationship","AppDocumentFiles","3a21e1fd-6b7e-fc81-4b7c-d2c6cb43647d","DocumentId","3a21db69-a22e-92bd-0187-cabf584fbbdf","Missing Documents"
"relationship","AppDocumentFiles","3a21ff7e-e0f9-9a0d-a0cb-4da042ae5c2a","DocumentId","3a21ff7e-e0f9-de63-a5cf-e9af60564f82","Missing Documents"
"relationship","AppDocumentFiles","3a21ff7e-ea32-1afb-9f0b-68ed95ff7a97","DocumentId","3a21ff7e-e0f9-de63-a5cf-e9af60564f82","Missing Documents"
"relationship","AppDocumentFiles","3a21ff7e-ea32-1ffd-0552-76a93be59388","DocumentId","3a21ff7e-e0f9-de63-a5cf-e9af60564f82","Missing Documents"
"relationship","AppDocumentFiles","3a2200a9-6126-628b-1f25-0ccdccc9ecb4","DocumentId","3a2200a9-60ea-6c43-ff37-55b3ee9fd917","Missing Documents"
"relationship","AppDocumentFiles","3a2200ab-d15b-cdf0-cb1b-a2cbd5e17bd5","DocumentId","3a2200ab-d15a-ee11-aeeb-37e514c2b6da","Missing Documents"
"relationship","AppDocumentFiles","3a2200ab-d67e-1b32-2370-8c1ed6cdc146","DocumentId","3a2200ab-d15a-ee11-aeeb-37e514c2b6da","Missing Documents"
"relationship","AppDocumentFiles","3a2200ab-d67e-960a-eab7-d5ac081216a0","DocumentId","3a2200ab-d15a-ee11-aeeb-37e514c2b6da","Missing Documents"
"relationship","AppDocumentFiles","3a22054d-242b-59c8-bfa8-d477684a6ecc","DocumentId","3a22054d-242b-fd65-30c8-a3989fe65a01","Missing Documents"
"relationship","AppDocumentFiles","3a22054d-2a2a-9a43-2eea-c94fe4f12904","DocumentId","3a22054d-242b-fd65-30c8-a3989fe65a01","Missing Documents"
"relationship","AppDocumentFiles","3a22054d-2a2a-c38a-6c00-05b0d067d4f6","DocumentId","3a22054d-242b-fd65-30c8-a3989fe65a01","Missing Documents"
"relationship","AppDocumentFiles","3a220557-2e53-1cfc-e751-ee0d7afbc910","DocumentId","3a220557-2e53-ae3a-f673-ffef858447d7","Missing Documents"
"relationship","AppDocumentFiles","3a220557-33f2-7aba-f3b5-dc137e8ad979","DocumentId","3a220557-2e53-ae3a-f673-ffef858447d7","Missing Documents"
"relationship","AppDocumentFiles","3a220557-33f2-9e84-9000-187250758c87","DocumentId","3a220557-2e53-ae3a-f673-ffef858447d7","Missing Documents"
"relationship","AppDocumentFiles","3a220558-ef17-0dfa-6955-e63895dd0d96","DocumentId","3a220558-ef17-5dcf-f346-ff5cbc2b44b1","Missing Documents"
"relationship","AppDocumentFiles","3a220558-f485-6c15-85e2-00aa11bb948f","DocumentId","3a220558-ef17-5dcf-f346-ff5cbc2b44b1","Missing Documents"
"relationship","AppDocumentFiles","3a220558-f485-d816-9559-124e9b92302b","DocumentId","3a220558-ef17-5dcf-f346-ff5cbc2b44b1","Missing Documents"
"relationship","AppDocumentFiles","3a220569-f0ca-5a45-d9e7-c98a31e606aa","DocumentId","3a220569-f0c9-1464-4575-cd6f93c42c8e","Missing Documents"
"relationship","AppDocumentFiles","3a220569-f69b-7f6b-c1e5-1c51100e0177","DocumentId","3a220569-f0c9-1464-4575-cd6f93c42c8e","Missing Documents"
"relationship","AppDocumentFiles","3a220569-f69b-b513-0087-954a24751c22","DocumentId","3a220569-f0c9-1464-4575-cd6f93c42c8e","Missing Documents"
"relationship","AppDocumentFiles","3a2229e9-e8d8-0743-0c3c-e907494ac474","DocumentId","3a2229e9-e8d7-b7e0-e2c5-600ae59c3cad","Missing Documents"
"relationship","AppDocumentFiles","3a2229e9-f8f5-4a41-6c9d-8bb426d60f54","DocumentId","3a2229e9-e8d7-b7e0-e2c5-600ae59c3cad","Missing Documents"
"relationship","AppDocumentFiles","3a2229e9-f8f5-ed1b-59d8-86aecbdb530a","DocumentId","3a2229e9-e8d7-b7e0-e2c5-600ae59c3cad","Missing Documents"
"relationship","AppDocumentFiles","3a223915-f7b9-5f55-2196-88e4888918bf","DocumentId","3a223915-f7b7-7318-5fdc-f3f51e83a56e","Missing Documents"
"relationship","AppDocumentFiles","3a223916-0e88-710a-a12d-1512177847b2","DocumentId","3a223915-f7b7-7318-5fdc-f3f51e83a56e","Missing Documents"
"relationship","AppDocumentFiles","3a223916-0e88-755c-0165-d11dad02e985","DocumentId","3a223915-f7b7-7318-5fdc-f3f51e83a56e","Missing Documents"
"relationship","AppDocumentFiles","3a223967-d17f-208d-a3ae-508849de08e6","DocumentId","3a212d52-0f2a-0468-180a-eb9c9e04553f","Missing Documents"
"relationship","AppDocumentFiles","3a2247e6-d13a-13ec-f039-5df6c65b19a3","DocumentId","3a2247e6-d0f0-d349-a298-7ddfcb3874bc","Missing Documents"
"relationship","AppDocumentFiles","3a224880-374f-cfeb-adad-fed79a7a602f","DocumentId","3a224880-36f3-4059-97bf-4709e9f7af1f","Missing Documents"
"relationship","AppDocumentFiles","3a224884-7201-0891-1fea-0791718689bd","DocumentId","3a224884-7190-1124-46ae-240bd5f7d2bf","Missing Documents"
"relationship","AppDocumentFiles","3a224884-7487-ca3d-df0d-7eff7e42a486","DocumentId","3a224884-7190-1124-46ae-240bd5f7d2bf","Missing Documents"
"relationship","AppDocumentFiles","3a22489c-99d9-6de8-b7dc-ba00e65c7963","DocumentId","3a22489c-997e-9464-6635-9fc68215a5f5","Missing Documents"
"relationship","AppDocumentFiles","3a22489c-9a6b-431c-f1cb-449df753195b","DocumentId","3a22489c-997e-9464-6635-9fc68215a5f5","Missing Documents"
"relationship","AppDocumentFiles","3a227737-7172-0f0a-7b3f-d71ab527beab","DocumentId","3a227737-7170-5b51-4421-aacaf1e7830d","Missing Documents"
"relationship","AppDocumentFiles","3a227737-87ee-37e7-d802-26ad927f40d7","DocumentId","3a227737-7170-5b51-4421-aacaf1e7830d","Missing Documents"
"relationship","AppDocumentFiles","3a227737-87ee-68f7-2235-7976426cc75e","DocumentId","3a227737-7170-5b51-4421-aacaf1e7830d","Missing Documents"
"relationship","AppDocumentFiles","3a22773a-9787-6987-2107-3ad323498d2f","DocumentId","3a22773a-9786-1c44-9620-db9ce3070a01","Missing Documents"
"relationship","AppDocumentFiles","3a22773a-9d47-970b-aac6-b387b40ab5c4","DocumentId","3a22773a-9786-1c44-9620-db9ce3070a01","Missing Documents"
"relationship","AppDocumentFiles","3a22773a-9d47-a9be-d490-de12bee7a33a","DocumentId","3a22773a-9786-1c44-9620-db9ce3070a01","Missing Documents"
"relationship","AppDocumentFiles","3a227abe-35a7-c58e-7dda-17f3137270ca","DocumentId","3a227abe-35a7-6593-2631-987ace90b25c","Missing Documents"
"relationship","AppDocumentFiles","3a227abe-3af8-c416-40a4-8d6e40aa5544","DocumentId","3a227abe-35a7-6593-2631-987ace90b25c","Missing Documents"
"relationship","AppDocumentFiles","3a227abe-3af8-f59e-ce50-8e955753945c","DocumentId","3a227abe-35a7-6593-2631-987ace90b25c","Missing Documents"
"relationship","AppDocumentFiles","3a22d807-e7fd-f9bc-afc5-c0ed0d5d3c04","DocumentId","3a22d807-e7fc-fc9f-26ef-6a0a39bc82d4","Missing Documents"
"relationship","AppDocumentFiles","3a22d807-ff2b-9ff8-1b2c-cf23a81b0cdf","DocumentId","3a22d807-e7fc-fc9f-26ef-6a0a39bc82d4","Missing Documents"
"relationship","AppDocumentFiles","3a22d807-ff2b-c783-9780-f71286952be1","DocumentId","3a22d807-e7fc-fc9f-26ef-6a0a39bc82d4","Missing Documents"
"relationship","AppDocumentFiles","3a22d80a-75d7-b5f6-e428-98bf16b22f92","DocumentId","3a22d80a-75d6-45b8-24eb-605e0a706a11","Missing Documents"
"relationship","AppDocumentFiles","3a22d80a-7b71-6a64-d546-eeac694ffb5b","DocumentId","3a22d80a-75d6-45b8-24eb-605e0a706a11","Missing Documents"
"relationship","AppDocumentFiles","3a22d80a-7b71-c89c-3d7d-2db57450d995","DocumentId","3a22d80a-75d6-45b8-24eb-605e0a706a11","Missing Documents"
"relationship","AppDocumentFiles","3a22d80c-aecd-4039-7b03-0cd2b6bfefc0","DocumentId","3a22d80c-aecd-c82b-5bdd-a1e94994505c","Missing Documents"
"relationship","AppDocumentFiles","3a22d80c-b3d7-16b5-ed19-366270cdd6ee","DocumentId","3a22d80c-aecd-c82b-5bdd-a1e94994505c","Missing Documents"
"relationship","AppDocumentFiles","3a22d80c-b3d7-30fa-9508-d1421f66dce8","DocumentId","3a22d80c-aecd-c82b-5bdd-a1e94994505c","Missing Documents"
"relationship","AppDocumentFiles","3a22d80d-f30d-a8ab-ac5e-602f9e65c134","DocumentId","3a22d80d-f30c-fe2d-d0b1-afb6d046332a","Missing Documents"
"relationship","AppDocumentFiles","3a22d80d-f896-11e4-7c49-80b88b713d7c","DocumentId","3a22d80d-f30c-fe2d-d0b1-afb6d046332a","Missing Documents"
"relationship","AppDocumentFiles","3a22d80d-f896-7cde-73ae-6440eb7e1ea5","DocumentId","3a22d80d-f30c-fe2d-d0b1-afb6d046332a","Missing Documents"
"relationship","AppDocumentFiles","3a22d80e-f6b2-18ff-c238-24e0897b93f6","DocumentId","3a22d80e-f6b2-eab5-aabb-bcb6dc57264f","Missing Documents"
"relationship","AppDocumentFiles","3a22d80e-fc37-21f8-f48f-e94f1794f423","DocumentId","3a22d80e-f6b2-eab5-aabb-bcb6dc57264f","Missing Documents"
"relationship","AppDocumentFiles","3a22d80e-fc37-68f1-cd2a-3d464a5d140c","DocumentId","3a22d80e-f6b2-eab5-aabb-bcb6dc57264f","Missing Documents"
"relationship","AppDocumentFiles","3a234a15-2986-75eb-4315-c17671743c25","DocumentId","3a234a15-2985-c8b4-3f33-6c671a27b77a","Missing Documents"
"relationship","AppDocumentFiles","3a234a15-3449-760b-b631-727f7877b7ca","DocumentId","3a234a15-2985-c8b4-3f33-6c671a27b77a","Missing Documents"
"relationship","AppDocumentFiles","3a234a15-3449-8f50-54d8-59755c175ff3","DocumentId","3a234a15-2985-c8b4-3f33-6c671a27b77a","Missing Documents"
"relationship","AppDocumentFiles","3a23959d-96ba-4284-ae99-e6122100a13b","DocumentId","3a23959d-96b9-b7c1-4e3d-1647f4976988","Missing Documents"
"relationship","AppDocumentFiles","3a23959d-9c4f-50f0-1582-b70839a9c674","DocumentId","3a23959d-96b9-b7c1-4e3d-1647f4976988","Missing Documents"
"relationship","AppDocumentFiles","3a23959d-9c4f-7444-cef6-0064a4d75b45","DocumentId","3a23959d-96b9-b7c1-4e3d-1647f4976988","Missing Documents"
"relationship","AppDocumentFiles","3a2395fa-0144-78aa-8396-7e5865130b45","DocumentId","3a2395fa-0144-cc82-96fb-fdedcdb1879b","Missing Documents"
"relationship","AppDocumentFiles","3a2395fa-0686-3733-a1a0-1583da532c6b","DocumentId","3a2395fa-0144-cc82-96fb-fdedcdb1879b","Missing Documents"
"relationship","AppDocumentFiles","3a2395fa-0686-c724-da7b-99302956c583","DocumentId","3a2395fa-0144-cc82-96fb-fdedcdb1879b","Missing Documents"
"relationship","AppDocumentFiles","3a2395fb-1970-b890-78e7-5263b14b1e2e","DocumentId","3a2395fb-1970-35cc-c3db-bb59bc0d643f","Missing Documents"
"relationship","AppDocumentFiles","3a2395fb-1ede-c1cb-d87c-a4982f7db9e7","DocumentId","3a2395fb-1970-35cc-c3db-bb59bc0d643f","Missing Documents"
"relationship","AppDocumentFiles","3a2395fb-1ede-f199-d735-536d2c6d3d76","DocumentId","3a2395fb-1970-35cc-c3db-bb59bc0d643f","Missing Documents"
"relationship","AppDocumentHistories","3a212d2c-d171-71b6-cf4d-e365d9067a60","DocumentId","3a212d2c-b996-ef5e-26e8-f0ede47d8015","Missing Documents"
"relationship","AppDocumentHistories","3a212d37-ccbc-29d5-2bf3-18c9226456d2","DocumentId","3a212d37-c674-3f91-b38a-6a67cc98c1f7","Missing Documents"
"relationship","AppDocumentHistories","3a212d4a-9a76-f8fd-9b68-48449586af31","DocumentId","3a212d4a-9401-46bf-c042-1a33e5597753","Missing Documents"
"relationship","AppDocumentHistories","3a212d52-69e6-23d4-19fe-074c252c3f59","DocumentId","3a212d52-0f2a-0468-180a-eb9c9e04553f","Missing Documents"
"relationship","AppDocumentHistories","3a212d52-e009-ea5b-308f-cf863c93a7c9","DocumentId","3a212d52-0f2a-0468-180a-eb9c9e04553f","Missing Documents"
"relationship","AppDocumentHistories","3a212d5b-30d7-96a5-88c4-b0684fc2c71e","DocumentId","3a212d52-0f2a-0468-180a-eb9c9e04553f","Missing Documents"
"relationship","AppDocumentHistories","3a212d77-a0c4-a3b3-62a3-be13098356cf","DocumentId","3a212d77-18d5-fd08-89be-13590b00a60f","Missing Documents"
"relationship","AppDocumentHistories","3a212d77-a0c4-c0af-42f5-a30f3f290839","DocumentId","3a212d77-18d5-fd08-89be-13590b00a60f","Missing Documents"
"relationship","AppDocumentHistories","3a213b5f-15d7-d58f-4741-937f3a30afd4","DocumentId","3a213b5f-0f2f-59a0-8548-0006a166ae9a","Missing Documents"
"relationship","AppDocumentHistories","3a214af8-3eb9-f9f1-fc0b-c18c292c8e2f","DocumentId","3a214af8-3cb7-ed6e-45bd-71ec3d06644f","Missing Documents"
"relationship","AppDocumentHistories","3a214c58-e900-65c3-8081-0d1969642d57","DocumentId","3a214c58-26e1-344e-a66b-5677dbf1c97a","Missing Documents"
"relationship","AppDocumentHistories","3a214c59-5d5f-e8f6-b5c6-0098251c733f","DocumentId","3a214c58-26e1-344e-a66b-5677dbf1c97a","Missing Documents"
"relationship","AppDocumentHistories","3a215112-3d30-5641-2daa-7aef3ed8f04d","DocumentId","3a215112-26e2-a258-26b4-0bcedcec473f","Missing Documents"
"relationship","AppDocumentHistories","3a215668-20df-bf68-ed1f-a0960f41e9dd","DocumentId","3a215668-19a3-0353-e838-949cebec9bc0","Missing Documents"
"relationship","AppDocumentHistories","3a2160b8-9997-0d5d-bee5-ac7fb1d9d343","DocumentId","3a215668-19a3-0353-e838-949cebec9bc0","Missing Documents"
"relationship","AppDocumentHistories","3a216f8a-c1af-7979-2646-bdd071129d5a","DocumentId","3a216f8a-b5fb-5fa5-c07f-1f67f2c1da14","Missing Documents"
"relationship","AppDocumentHistories","3a216f8b-7ef7-8b72-d133-58189702530a","DocumentId","3a216f8b-7929-5471-cbb3-c67c812afe8f","Missing Documents"
"relationship","AppDocumentHistories","3a2179d8-6c88-66dd-cc07-2caf87f996b2","DocumentId","3a216f8a-b5fb-5fa5-c07f-1f67f2c1da14","Missing Documents"
"relationship","AppDocumentHistories","3a217ae1-01cf-8707-1106-8fcdea27b976","DocumentId","3a217ae0-efd1-2967-d368-92f8270e2d97","Missing Documents"
"relationship","AppDocumentHistories","3a217ae3-932c-e332-6d75-493493779c74","DocumentId","3a217ae3-8cbd-f5cc-170a-b51ef668beba","Missing Documents"
"relationship","AppDocumentHistories","3a217e70-021e-0b7a-3170-512725cc473c","DocumentId","3a217e6f-f953-db3b-a78d-2c3df2fa23be","Missing Documents"
"relationship","AppDocumentHistories","3a217e71-0060-5612-d922-8cf1e864bf6b","DocumentId","3a217e70-fa12-0b1e-b9e6-9c2deef2b7d1","Missing Documents"
"relationship","AppDocumentHistories","3a217fa6-59c5-488f-10e7-52b70bb487f5","DocumentId","3a217fa6-4bed-d75f-b98a-5ee8a8d5fc91","Missing Documents"
"relationship","AppDocumentHistories","3a218413-b30e-efaf-4a91-26e36ab0b8a5","DocumentId","3a218413-99e6-2599-69c8-f63c58de04f4","Missing Documents"
"relationship","AppDocumentHistories","3a2184ab-af7a-cf0c-8e60-5dc5f7648ac2","DocumentId","3a2184ab-a931-3d1d-609e-b03fd365e71a","Missing Documents"
"relationship","AppDocumentHistories","3a2184ba-c9a4-6058-5e36-f156ea945a2d","DocumentId","3a2184ba-c38c-d5cd-5676-039ff2bb7f38","Missing Documents"
"relationship","AppDocumentHistories","3a2184bb-ab8e-590e-bead-56fe1b8b2159","DocumentId","3a2184bb-a555-e103-afb0-fd8243afc2af","Missing Documents"
"relationship","AppDocumentHistories","3a218531-9ae2-536b-05f3-13d136e7818b","DocumentId","3a217ae3-8cbd-f5cc-170a-b51ef668beba","Missing Documents"
"relationship","AppDocumentHistories","3a218531-9b41-4a7d-0a43-a0b378009d2d","DocumentId","3a217ae0-efd1-2967-d368-92f8270e2d97","Missing Documents"
"relationship","AppDocumentHistories","3a21854c-e0bc-8b25-8a3e-8e48bed904a5","DocumentId","3a218507-4f59-8a6e-d077-852333032e4f","Missing Documents"
"relationship","AppDocumentHistories","3a2189f7-e1ff-6af1-18d5-3a64e8ba681f","DocumentId","3a217fa6-4bed-d75f-b98a-5ee8a8d5fc91","Missing Documents"
"relationship","AppDocumentHistories","3a218e62-9a43-911f-1bfd-b5115881aa3d","DocumentId","3a218413-99e6-2599-69c8-f63c58de04f4","Missing Documents"
"relationship","AppDocumentHistories","3a218ef9-abb4-9429-acde-ba5a978d9e24","DocumentId","3a2184ab-a931-3d1d-609e-b03fd365e71a","Missing Documents"
"relationship","AppDocumentHistories","3a218f0b-fb85-6291-9300-0ba7e5497581","DocumentId","3a2184ba-c38c-d5cd-5676-039ff2bb7f38","Missing Documents"
"relationship","AppDocumentHistories","3a218f0b-fb89-79c9-c478-95ac532776b7","DocumentId","3a2184bb-a555-e103-afb0-fd8243afc2af","Missing Documents"
"relationship","AppDocumentHistories","3a21930d-699e-2893-2c36-a0a96f52de04","DocumentId","3a217e6f-f953-db3b-a78d-2c3df2fa23be","Missing Documents"
"relationship","AppDocumentHistories","3a21937f-1c16-4d95-8c60-7f1aa9245be1","DocumentId","3a21937f-062a-8a71-059e-f41918f645f6","Missing Documents"
"relationship","AppDocumentHistories","3a219405-3ef5-a2a4-93ce-af20e96abd07","DocumentId","3a219405-389e-3542-6cc7-3777fad28257","Missing Documents"
"relationship","AppDocumentHistories","3a219422-a53a-84b0-2891-d5dcdfa1baf2","DocumentId","3a219422-9aa2-5937-f776-feb3cbb4dfbe","Missing Documents"
"relationship","AppDocumentHistories","3a2197df-1de4-0e5d-e7f6-1f4ad5473172","DocumentId","3a2197df-0caa-e729-f29d-e184a088789e","Missing Documents"
"relationship","AppDocumentHistories","3a219830-3fbb-b2be-94d3-121f7695ed7e","DocumentId","3a219830-3971-221d-4de7-2daa98f597b6","Missing Documents"
"relationship","AppDocumentHistories","3a219862-c307-e853-ec75-50d619f4ccbb","DocumentId","3a219862-bcac-ec84-3bff-91bb175f6473","Missing Documents"
"relationship","AppDocumentHistories","3a219868-92b9-0d87-7633-dfa4101e37e3","DocumentId","3a219868-8bd8-ba52-23bb-0134d4507512","Missing Documents"
"relationship","AppDocumentHistories","3a21986b-921a-59f1-e3a7-dc35aebefcb1","DocumentId","3a21986b-8bfb-23cd-6f09-fbe590d8231f","Missing Documents"
"relationship","AppDocumentHistories","3a21986f-0f3e-1cd1-e6bd-4c8b2a23a1b4","DocumentId","3a21986f-089e-41a9-4c4b-d01df01fa367","Missing Documents"
"relationship","AppDocumentHistories","3a21989c-e129-7d5e-eddb-f4a32b491396","DocumentId","3a21989c-da81-5d3f-5482-92bd5a50616c","Missing Documents"
"relationship","AppDocumentHistories","3a2198e0-7998-1210-b2c1-01ce1d540a45","DocumentId","3a2198e0-677e-c9fd-2b62-d716e119aa4b","Missing Documents"
"relationship","AppDocumentHistories","3a2198f4-d374-fe80-457e-553de1fe20fd","DocumentId","3a2198f4-ca1a-d78f-2631-677b83aca588","Missing Documents"
"relationship","AppDocumentHistories","3a219928-1a87-6723-7178-bd286e6dacb0","DocumentId","3a219928-14c6-d54a-d050-7be9f2004f76","Missing Documents"
"relationship","AppDocumentHistories","3a21994a-6602-d58b-5026-97f5e9ec722d","DocumentId","3a21994a-581f-372f-0e78-0603eb379fe7","Missing Documents"
"relationship","AppDocumentHistories","3a219957-f1e5-f1b4-effa-eeb5ea84357e","DocumentId","3a219957-e84c-be62-62f3-a13293471cca","Missing Documents"
"relationship","AppDocumentHistories","3a21996c-ef46-4526-2f3c-2dbed1b9de41","DocumentId","3a21996c-e4ba-6116-f70d-d3576621fbfc","Missing Documents"
"relationship","AppDocumentHistories","3a219974-989a-7bfd-52da-9fad9b387b39","DocumentId","3a219974-917a-3fee-cb80-d74f14345665","Missing Documents"
"relationship","AppDocumentHistories","3a219d31-5174-c12b-633b-c95f7a8b14c6","DocumentId","3a219d31-3f72-48b7-4387-a467d3ae2469","Missing Documents"
"relationship","AppDocumentHistories","3a219d5a-56b0-99ea-1776-9c6e7754c63b","DocumentId","3a217e70-fa12-0b1e-b9e6-9c2deef2b7d1","Missing Documents"
"relationship","AppDocumentHistories","3a219d5f-26ed-e06e-d069-f2289bf291b4","DocumentId","3a219d5f-205b-e032-c1fc-fa557d7dfe3c","Missing Documents"
"relationship","AppDocumentHistories","3a219dac-2aa2-ca1c-b9bf-50655e3359fa","DocumentId","3a219dac-24a6-d18e-f3cf-09a344a3d06a","Missing Documents"
"relationship","AppDocumentHistories","3a219db5-1031-43cf-5755-8f86e4e950dc","DocumentId","3a219db5-07a3-c8f4-4cd1-cfa48a026a94","Missing Documents"
"relationship","AppDocumentHistories","3a219ddb-e83f-4ea0-2173-9ccc1b28577b","DocumentId","3a219ddb-e1f4-ce8c-00aa-aabb4a719273","Missing Documents"
"relationship","AppDocumentHistories","3a219e07-7574-662e-b41c-4544feb32285","DocumentId","3a219e07-6adf-b797-1543-6424c7bb19da","Missing Documents"
"relationship","AppDocumentHistories","3a219e0a-8b17-9abf-65bd-815e7127ae1e","DocumentId","3a219e0a-8583-05ba-1475-cd314847c4ad","Missing Documents"
"relationship","AppDocumentHistories","3a219e38-145b-9a03-7a30-3a445dcea9e6","DocumentId","3a219e38-04e0-53bc-1d7c-dcfba8353f2a","Missing Documents"
"relationship","AppDocumentHistories","3a219e47-d92b-6ee6-3e7e-29f6a5f19046","DocumentId","3a219e47-d044-b8bf-2174-f4dce2337e99","Missing Documents"
"relationship","AppDocumentHistories","3a219e5f-c5bc-68f7-84c8-9afd9c10a731","DocumentId","3a219e5f-b436-3e8e-f6ad-d6d8cdd8c0a0","Missing Documents"
"relationship","AppDocumentHistories","3a219e60-6102-77c8-47a8-80fa87b09e14","DocumentId","3a219e5f-b436-3e8e-f6ad-d6d8cdd8c0a0","Missing Documents"
"relationship","AppDocumentHistories","3a219e6c-9f19-f926-6602-f19d8103b9da","DocumentId","3a219862-bcac-ec84-3bff-91bb175f6473","Missing Documents"
"relationship","AppDocumentHistories","3a219e78-03aa-8259-14bb-9b843595625e","DocumentId","3a219e77-f6e9-a53a-79df-2c959394fa88","Missing Documents"
"relationship","AppDocumentHistories","3a219e84-2607-fb6c-b028-b236366ba6ca","DocumentId","3a219e77-f6e9-a53a-79df-2c959394fa88","Missing Documents"
"relationship","AppDocumentHistories","3a219e84-4029-86a0-2b87-0827249c0f2e","DocumentId","3a219ddb-e1f4-ce8c-00aa-aabb4a719273","Missing Documents"
"relationship","AppDocumentHistories","3a219e84-4be5-ea28-f202-25def93586f2","DocumentId","3a219d31-3f72-48b7-4387-a467d3ae2469","Missing Documents"
"relationship","AppDocumentHistories","3a219e84-57b5-07b2-832d-ec7b5ca3b3bf","DocumentId","3a219d5f-205b-e032-c1fc-fa557d7dfe3c","Missing Documents"
"relationship","AppDocumentHistories","3a219e85-0da5-fb81-f10a-772980f19334","DocumentId","3a219e85-0693-e527-ee89-05696873d6ad","Missing Documents"
"relationship","AppDocumentHistories","3a219e94-ab4c-2ab6-b148-61c1daf2a623","DocumentId","3a219e94-a592-34e6-9f1b-d55200bf5bb1","Missing Documents"
"relationship","AppDocumentHistories","3a219e9f-60a5-91af-5267-2524b6cac19a","DocumentId","3a219e9f-5b3b-ddce-136c-4bfcd2cfb24e","Missing Documents"
"relationship","AppDocumentHistories","3a219ea1-8661-e052-50c8-850515876477","DocumentId","3a219e9f-5b3b-ddce-136c-4bfcd2cfb24e","Missing Documents"
"relationship","AppDocumentHistories","3a219f3b-8a72-6665-c07f-71e28a76c9be","DocumentId","3a219f3b-81b7-b175-026d-abea7031fb13","Missing Documents"
"relationship","AppDocumentHistories","3a219f3c-c2cd-db69-273e-530b61cdc3d2","DocumentId","3a219f3c-bcd5-a387-7e9a-afb7b4f8718a","Missing Documents"
"relationship","AppDocumentHistories","3a21a2c2-3dc0-2242-fd88-2cf4b1b7e3e7","DocumentId","3a21a2c2-35ea-2ee4-d037-3da3b9f54aa4","Missing Documents"
"relationship","AppDocumentHistories","3a21a2c9-f2ac-67c5-4b4a-6ec3a2f37a2e","DocumentId","3a21a2c9-ed3d-9c9f-6b40-983a05567532","Missing Documents"
"relationship","AppDocumentHistories","3a21a2ca-6094-410b-34c3-0cd8c1c15976","DocumentId","3a21a2c9-ed3d-9c9f-6b40-983a05567532","Missing Documents"
"relationship","AppDocumentHistories","3a21a2ca-9555-0215-e74b-06a1eff0b03d","DocumentId","3a21a2ca-8f86-217f-ed22-4a8ba15b8620","Missing Documents"
"relationship","AppDocumentHistories","3a21a3a1-0172-b90d-c69b-ef2b9a3e8fe7","DocumentId","3a21a3a0-fb54-5623-80b9-5d7cc30b005d","Missing Documents"
"relationship","AppDocumentHistories","3a21a3a1-6556-a98a-b38a-42932c01a765","DocumentId","3a21a3a1-5f9f-3b70-3c6e-ddc5ecad7af8","Missing Documents"
"relationship","AppDocumentHistories","3a21a3c7-527b-df60-b18f-42e45803dce0","DocumentId","3a21a2ca-8f86-217f-ed22-4a8ba15b8620","Missing Documents"
"relationship","AppDocumentHistories","3a21a484-676a-df41-24db-c7b33b035fbe","DocumentId","3a21a484-5caf-5560-48d9-08dd8f50752f","Missing Documents"
"relationship","AppDocumentHistories","3a21a81f-edc2-acb1-f9d3-689971b6f8cb","DocumentId","3a21a81f-e149-568a-80cc-2abdc3e1b557","Missing Documents"
"relationship","AppDocumentHistories","3a21a82a-b6d3-9d90-78ce-cb6d2cddc51b","DocumentId","3a21a82a-b140-2292-0fef-f12ca2a265c8","Missing Documents"
"relationship","AppDocumentHistories","3a21a82f-e8b8-1f3d-ef20-18ca9d0f32f3","DocumentId","3a21a82f-e293-d634-ddfb-60f54405055b","Missing Documents"
"relationship","AppDocumentHistories","3a21a82f-fd16-fef2-1637-8148e1a6b832","DocumentId","3a21a82f-f7c3-42a0-1e8a-c0f6a21776a4","Missing Documents"
"relationship","AppDocumentHistories","3a21b79a-d377-22f2-c0a2-6db557fe9117","DocumentId","3a21b79a-c4f8-4894-30f1-95fa5ce5b08f","Missing Documents"
"relationship","AppDocumentHistories","3a21b7ae-a85d-f98c-0eec-733f2b444ff8","DocumentId","3a21b7ae-a29d-0eb8-0d5e-40227342e69f","Missing Documents"
"relationship","AppDocumentHistories","3a21b892-c0f7-28b0-2c93-6d5f85d8e1ed","DocumentId","3a21994a-581f-372f-0e78-0603eb379fe7","Missing Documents"
"relationship","AppDocumentHistories","3a21bcb0-54a4-fddd-fdb1-187270ef31e4","DocumentId","3a21bcb0-4dca-7ee7-6ccb-38a0888e8de2","Missing Documents"
"relationship","AppDocumentHistories","3a21bd3d-7e0b-a802-860b-c193c465ed66","DocumentId","3a21b7ae-a29d-0eb8-0d5e-40227342e69f","Missing Documents"
"relationship","AppDocumentHistories","3a21bd3d-88f6-26bd-fdc0-61343e799283","DocumentId","3a21b79a-c4f8-4894-30f1-95fa5ce5b08f","Missing Documents"
"relationship","AppDocumentHistories","3a21bd3d-bf09-1d3d-7ecc-bf2127b63700","DocumentId","3a21a3a1-5f9f-3b70-3c6e-ddc5ecad7af8","Missing Documents"
"relationship","AppDocumentHistories","3a21bd3d-c9f9-15fd-4b3f-ef5f815e5dc0","DocumentId","3a21a3a0-fb54-5623-80b9-5d7cc30b005d","Missing Documents"
"relationship","AppDocumentHistories","3a21bd41-19a2-a0ec-23b0-40f5a7926d7a","DocumentId","3a219868-8bd8-ba52-23bb-0134d4507512","Missing Documents"
"relationship","AppDocumentHistories","3a21bd8e-3274-4a11-060f-c5282cb4c2c4","DocumentId","3a21a82f-e293-d634-ddfb-60f54405055b","Missing Documents"
"relationship","AppDocumentHistories","3a21bd8e-3e94-9036-28f1-0fec5e43be38","DocumentId","3a21a82a-b140-2292-0fef-f12ca2a265c8","Missing Documents"
"relationship","AppDocumentHistories","3a21bd8e-4a8e-c058-d872-30fff9f45221","DocumentId","3a21a81f-e149-568a-80cc-2abdc3e1b557","Missing Documents"
"relationship","AppDocumentHistories","3a21bd8f-5a26-845d-c5d0-931e94d86e1c","DocumentId","3a21bd8f-5103-188e-060c-18211bc7b2d7","Missing Documents"
"relationship","AppDocumentHistories","3a21bd98-98c5-cbe1-7300-428c5f464408","DocumentId","3a21bd98-92c7-a5b2-30c3-a51ef627958d","Missing Documents"
"relationship","AppDocumentHistories","3a21e018-0c30-0d01-d212-d5313ee1d13d","DocumentId","3a21e017-f5e4-c4b5-8522-24124468e716","Missing Documents"
"relationship","AppDocumentHistories","3a21e018-36bd-aab2-df42-cf3e9b0df61c","DocumentId","3a21e017-f5e4-c4b5-8522-24124468e716","Missing Documents"
"relationship","AppDocumentHistories","3a21ff7e-ea3a-ef43-f47f-078e9528473a","DocumentId","3a21ff7e-e0f9-de63-a5cf-e9af60564f82","Missing Documents"
"relationship","AppDocumentHistories","3a2200ab-d686-bb51-f8a1-242f3c649d03","DocumentId","3a2200ab-d15a-ee11-aeeb-37e514c2b6da","Missing Documents"
"relationship","AppDocumentHistories","3a22054d-2a32-6c7b-4be8-6c4830b8a327","DocumentId","3a22054d-242b-fd65-30c8-a3989fe65a01","Missing Documents"
"relationship","AppDocumentHistories","3a22054d-444c-208f-03a2-d8dcc160ac59","DocumentId","3a22054d-242b-fd65-30c8-a3989fe65a01","Missing Documents"
"relationship","AppDocumentHistories","3a220557-33f9-2f74-bb94-38a98d6e2f6a","DocumentId","3a220557-2e53-ae3a-f673-ffef858447d7","Missing Documents"
"relationship","AppDocumentHistories","3a220558-f48c-267e-aaec-bb623e4cb9d1","DocumentId","3a220558-ef17-5dcf-f346-ff5cbc2b44b1","Missing Documents"
"relationship","AppDocumentHistories","3a220559-24ae-e07a-76d0-d28ac7c1f542","DocumentId","3a220558-ef17-5dcf-f346-ff5cbc2b44b1","Missing Documents"
"relationship","AppDocumentHistories","3a220569-718d-4021-2ce8-b16e5ba69665","DocumentId","3a220557-2e53-ae3a-f673-ffef858447d7","Missing Documents"
"relationship","AppDocumentHistories","3a220569-f6a2-8ac0-9d13-2226d9159dec","DocumentId","3a220569-f0c9-1464-4575-cd6f93c42c8e","Missing Documents"
"relationship","AppDocumentHistories","3a22056a-5bcd-b79e-619f-07f609193047","DocumentId","3a220569-f0c9-1464-4575-cd6f93c42c8e","Missing Documents"
"relationship","AppDocumentHistories","3a2229e9-f906-e35c-d153-a1ca2ca5f4e1","DocumentId","3a2229e9-e8d7-b7e0-e2c5-600ae59c3cad","Missing Documents"
"relationship","AppDocumentHistories","3a2229ea-16b7-e75f-ef14-f3e95bee0958","DocumentId","3a2229e9-e8d7-b7e0-e2c5-600ae59c3cad","Missing Documents"
"relationship","AppDocumentHistories","3a223916-0eac-4f9c-5475-49a3f54fcc26","DocumentId","3a223915-f7b7-7318-5fdc-f3f51e83a56e","Missing Documents"
"relationship","AppDocumentHistories","3a223968-46db-71ea-15c7-28e44504921a","DocumentId","3a2200a9-60ea-6c43-ff37-55b3ee9fd917","Missing Documents"
"relationship","AppDocumentHistories","3a224884-748c-47b8-3e48-17f2817a1b6b","DocumentId","3a224884-7190-1124-46ae-240bd5f7d2bf","Missing Documents"
"relationship","AppDocumentHistories","3a224885-608b-3e12-7f7f-f73958faf46b","DocumentId","3a2247e6-d0f0-d349-a298-7ddfcb3874bc","Missing Documents"
"relationship","AppDocumentHistories","3a22489c-9a6f-48bf-3493-baf29e9feea7","DocumentId","3a22489c-997e-9464-6635-9fc68215a5f5","Missing Documents"
"relationship","AppDocumentHistories","3a227737-8801-f52c-ac4e-cb5f5e981fd1","DocumentId","3a227737-7170-5b51-4421-aacaf1e7830d","Missing Documents"
"relationship","AppDocumentHistories","3a227737-f772-f196-d911-9fc2c4193627","DocumentId","3a227737-7170-5b51-4421-aacaf1e7830d","Missing Documents"
"relationship","AppDocumentHistories","3a22773a-9d4f-9f47-e1a3-8b08786c54ff","DocumentId","3a22773a-9786-1c44-9620-db9ce3070a01","Missing Documents"
"relationship","AppDocumentHistories","3a22773a-eb25-b7ea-962a-a4986d9c4769","DocumentId","3a22773a-9786-1c44-9620-db9ce3070a01","Missing Documents"
"relationship","AppDocumentHistories","3a227abe-3b00-b4e2-7153-1940f1f0d96e","DocumentId","3a227abe-35a7-6593-2631-987ace90b25c","Missing Documents"
"relationship","AppDocumentHistories","3a228018-5a73-367e-b0d8-5f9d6b2695da","DocumentId","3a227abe-35a7-6593-2631-987ace90b25c","Missing Documents"
"relationship","AppDocumentHistories","3a22bdeb-9870-834f-fad6-39469cdfe17d","DocumentId","3a22489c-997e-9464-6635-9fc68215a5f5","Missing Documents"
"relationship","AppDocumentHistories","3a22d807-ff3a-9b8f-36f7-f75b6b93c6e2","DocumentId","3a22d807-e7fc-fc9f-26ef-6a0a39bc82d4","Missing Documents"
"relationship","AppDocumentHistories","3a22d809-6944-fe61-ba96-f8024081f508","DocumentId","3a22d807-e7fc-fc9f-26ef-6a0a39bc82d4","Missing Documents"
"relationship","AppDocumentHistories","3a22d80a-7b78-6aca-95c3-b9cb084cfd99","DocumentId","3a22d80a-75d6-45b8-24eb-605e0a706a11","Missing Documents"
"relationship","AppDocumentHistories","3a22d80c-3aa5-3070-986a-f230dc38ee4c","DocumentId","3a22d80a-75d6-45b8-24eb-605e0a706a11","Missing Documents"
"relationship","AppDocumentHistories","3a22d80c-b3e0-9e43-6885-fb3c3909b826","DocumentId","3a22d80c-aecd-c82b-5bdd-a1e94994505c","Missing Documents"
"relationship","AppDocumentHistories","3a22d80d-85ce-6a1b-fa08-2180d47d8057","DocumentId","3a22d80c-aecd-c82b-5bdd-a1e94994505c","Missing Documents"
"relationship","AppDocumentHistories","3a22d80d-f89d-3a94-ae20-7e0594bd3854","DocumentId","3a22d80d-f30c-fe2d-d0b1-afb6d046332a","Missing Documents"
"relationship","AppDocumentHistories","3a22d80e-889b-28ab-7592-7f16b7022fdd","DocumentId","3a22d80d-f30c-fe2d-d0b1-afb6d046332a","Missing Documents"
"relationship","AppDocumentHistories","3a22d80e-fc3f-aa7b-3c11-be1d046031f4","DocumentId","3a22d80e-f6b2-eab5-aabb-bcb6dc57264f","Missing Documents"
"relationship","AppDocumentHistories","3a22d80f-8c8f-43c9-d4c5-e3acf40b27b4","DocumentId","3a22d80e-f6b2-eab5-aabb-bcb6dc57264f","Missing Documents"
"relationship","AppDocumentHistories","3a234a15-3450-dbd0-cc04-c9f3602481d0","DocumentId","3a234a15-2985-c8b4-3f33-6c671a27b77a","Missing Documents"
"relationship","AppDocumentHistories","3a23959d-9c58-5aea-2ed5-e2a27eb7e0a9","DocumentId","3a23959d-96b9-b7c1-4e3d-1647f4976988","Missing Documents"
"relationship","AppDocumentHistories","3a2395fa-068d-4c47-37eb-75946fbcfa49","DocumentId","3a2395fa-0144-cc82-96fb-fdedcdb1879b","Missing Documents"
"relationship","AppDocumentHistories","3a2395fb-1ee6-2fbe-7b41-ae435cf97806","DocumentId","3a2395fb-1970-35cc-c3db-bb59bc0d643f","Missing Documents"
"relationship","AppDocumentAssignments","3a212d52-69e7-0ba0-1ee0-e14d3dc7c7ca","DocumentId","3a212d52-0f2a-0468-180a-eb9c9e04553f","Missing Documents"
"relationship","AppDocumentAssignments","3a212d52-e009-0c31-244f-0f38f8cecf2f","DocumentId","3a212d52-0f2a-0468-180a-eb9c9e04553f","Missing Documents"
"relationship","AppDocumentAssignments","3a212d5b-30d7-aab3-bc71-738e9a41d57e","DocumentId","3a212d52-0f2a-0468-180a-eb9c9e04553f","Missing Documents"
"relationship","AppDocumentAssignments","3a212d77-a0c5-75bb-9a9c-848c132e1469","DocumentId","3a212d77-18d5-fd08-89be-13590b00a60f","Missing Documents"
"relationship","AppDocumentAssignments","3a212d77-a0c5-d049-38ff-a72c0e3aca5c","DocumentId","3a212d77-18d5-fd08-89be-13590b00a60f","Missing Documents"
"relationship","AppDocumentAssignments","3a214c58-e8f1-6834-f29c-d84ee5dce821","DocumentId","3a214c58-26e1-344e-a66b-5677dbf1c97a","Missing Documents"
"relationship","AppDocumentAssignments","3a21854c-e0cd-b305-ae14-b1b4f499895f","DocumentId","3a218507-4f59-8a6e-d077-852333032e4f","Missing Documents"
"relationship","AppDocumentAssignments","3a21ff7e-ea3a-fe99-973a-38d1afe24f28","DocumentId","3a21ff7e-e0f9-de63-a5cf-e9af60564f82","Missing Documents"
"relationship","AppDocumentAssignments","3a21ff84-7d7c-2c61-9b68-52c492eff21b","DocumentId","3a21ff7e-e0f9-de63-a5cf-e9af60564f82","Missing Documents"
"relationship","AppDocumentAssignments","3a2200ab-d686-61ef-77b7-3b035392408d","DocumentId","3a2200ab-d15a-ee11-aeeb-37e514c2b6da","Missing Documents"
"relationship","AppDocumentAssignments","3a2200ad-1522-9ed0-a361-73e4d0d5e88a","DocumentId","3a2200ab-d15a-ee11-aeeb-37e514c2b6da","Missing Documents"
"relationship","AppDocumentAssignments","3a2200ad-dc01-1998-1b2b-285114fca5f7","DocumentId","3a2200ab-d15a-ee11-aeeb-37e514c2b6da","Missing Documents"
"relationship","AppDocumentAssignments","3a22054d-2a32-a016-38d5-93060c1f10f5","DocumentId","3a22054d-242b-fd65-30c8-a3989fe65a01","Missing Documents"
"relationship","AppDocumentAssignments","3a220557-33f8-eb75-8931-f9f6a6f0e9d6","DocumentId","3a220557-2e53-ae3a-f673-ffef858447d7","Missing Documents"
"relationship","AppDocumentAssignments","3a220558-f48b-c0d8-9471-0227b9567730","DocumentId","3a220558-ef17-5dcf-f346-ff5cbc2b44b1","Missing Documents"
"relationship","AppDocumentAssignments","3a220569-f6a2-6105-ede8-7013d8aacac0","DocumentId","3a220569-f0c9-1464-4575-cd6f93c42c8e","Missing Documents"
"relationship","AppDocumentAssignments","3a2229e9-f904-4a30-ad2b-f30a874b36fe","DocumentId","3a2229e9-e8d7-b7e0-e2c5-600ae59c3cad","Missing Documents"
"relationship","AppDocumentAssignments","3a223916-0eaa-b94e-57d2-557064edfbdb","DocumentId","3a223915-f7b7-7318-5fdc-f3f51e83a56e","Missing Documents"
"relationship","AppDocumentAssignments","3a223916-d66b-ace7-287d-022f5c129066","DocumentId","3a223915-f7b7-7318-5fdc-f3f51e83a56e","Missing Documents"
"relationship","AppDocumentAssignments","3a223968-46dc-674e-3d44-40d017d955a5","DocumentId","3a2200a9-60ea-6c43-ff37-55b3ee9fd917","Missing Documents"
"relationship","AppDocumentAssignments","3a224884-748c-083a-31e1-69562aabc765","DocumentId","3a224884-7190-1124-46ae-240bd5f7d2bf","Missing Documents"
"relationship","AppDocumentAssignments","3a224885-608b-9e54-a458-f79a99fb6794","DocumentId","3a2247e6-d0f0-d349-a298-7ddfcb3874bc","Missing Documents"
"relationship","AppDocumentAssignments","3a22489c-1ca9-6f57-b460-6fdfab39c35c","DocumentId","3a224884-7190-1124-46ae-240bd5f7d2bf","Missing Documents"
"relationship","AppDocumentAssignments","3a22489c-9a6f-d5b1-fad9-3799e6228125","DocumentId","3a22489c-997e-9464-6635-9fc68215a5f5","Missing Documents"
"relationship","AppDocumentAssignments","3a227737-87ff-6b22-e7f4-264741b3b27e","DocumentId","3a227737-7170-5b51-4421-aacaf1e7830d","Missing Documents"
"relationship","AppDocumentAssignments","3a22773a-9d4e-9ecc-72b3-e87669b8fff8","DocumentId","3a22773a-9786-1c44-9620-db9ce3070a01","Missing Documents"
"relationship","AppDocumentAssignments","3a227abe-3aff-ffa9-76ae-aea631d0ff49","DocumentId","3a227abe-35a7-6593-2631-987ace90b25c","Missing Documents"
"relationship","AppDocumentAssignments","3a22d807-ff39-81e8-79d6-c6e454cdcec0","DocumentId","3a22d807-e7fc-fc9f-26ef-6a0a39bc82d4","Missing Documents"
"relationship","AppDocumentAssignments","3a22d80a-7b78-3790-9b77-2922897247a4","DocumentId","3a22d80a-75d6-45b8-24eb-605e0a706a11","Missing Documents"
"relationship","AppDocumentAssignments","3a22d80c-b3df-56be-848d-b1ff17a10cf9","DocumentId","3a22d80c-aecd-c82b-5bdd-a1e94994505c","Missing Documents"
"relationship","AppDocumentAssignments","3a22d80d-f89d-37fb-a41a-196bf8455d23","DocumentId","3a22d80d-f30c-fe2d-d0b1-afb6d046332a","Missing Documents"
"relationship","AppDocumentAssignments","3a22d80e-fc3f-91a3-79c8-de3d689ca6c6","DocumentId","3a22d80e-f6b2-eab5-aabb-bcb6dc57264f","Missing Documents"
"relationship","AppDocumentAssignments","3a234a15-3450-b9b1-d578-1a2a891d6897","DocumentId","3a234a15-2985-c8b4-3f33-6c671a27b77a","Missing Documents"
"relationship","AppDocumentAssignments","3a23959d-9c57-60d5-2524-1699c3d53a4e","DocumentId","3a23959d-96b9-b7c1-4e3d-1647f4976988","Missing Documents"
"relationship","AppDocumentAssignments","3a2395fa-068c-a864-4a36-f3d29364d8a7","DocumentId","3a2395fa-0144-cc82-96fb-fdedcdb1879b","Missing Documents"
"relationship","AppDocumentAssignments","3a2395fb-1ee5-8b5b-ba87-910add80d3f7","DocumentId","3a2395fb-1970-35cc-c3db-bb59bc0d643f","Missing Documents"
"relationship","AppProjectMembers","3a2137c7-62f0-2777-3bb3-39084e92578c","ProjectId","3a212d48-1c01-2688-431b-8fcde04ea4c2","Missing Projects"
"relationship","AppProjectMembers","3a217fc4-3c8b-3ba6-5354-ba5988b5b513","ProjectId","3a217fc4-16b6-d18f-b4d1-822996c18989","Missing Projects"
"relationship","AppProjectMembers","3a21a2d5-2bfe-494c-d7bf-56e375a1c89c","ProjectId","3a21a2d4-7bb3-756c-5a16-3807d3a5259b","Missing Projects"
"relationship","AppProjectMembers","3a21a38d-54cc-a09c-d34a-2d01f13d4c87","ProjectId","3a21a2d7-ecd8-9f6a-1cd4-2d0040735f0d","Missing Projects"
"relationship","AppProjectMembers","3a21a38d-82a3-8441-a760-1eeb574d9361","ProjectId","3a21a2d7-ecd8-9f6a-1cd4-2d0040735f0d","Missing Projects"
"relationship","AppProjectMembers","3a21a42a-b444-d321-b2fe-a7a02f0b7f52","ProjectId","3a21a3c9-fdd0-95cc-e537-108b0be70de7","Missing Projects"
"relationship","AppProjectMembers","3a21a771-54ba-3f79-d153-12348da80f4e","ProjectId","3a21a3c9-fdd0-95cc-e537-108b0be70de7","Missing Projects"
"relationship","AppProjectMembers","3a21bc99-de00-8e3a-77e4-150d3f563034","ProjectId","3a21bc99-2b4f-d53d-1293-dd2ed51cdf24","Missing Projects"
"relationship","AppProjectMembers","3a21c195-0b0c-4841-8e01-02c3b231edd6","ProjectId","3a21bccd-ae34-c69f-a348-d51cef198b33","Missing Projects"
"relationship","AppProjectMembers","3a21e007-6b88-81c6-9c77-07b578dc5af1","ProjectId","3a21bccd-ae34-c69f-a348-d51cef198b33","Missing Projects"
"relationship","AppProjectMembers","3a21efec-4408-08f3-457c-2adb54dc4a3e","ProjectId","3a21bccd-ae34-c69f-a348-d51cef198b33","Missing Projects"
"relationship","AppProjectMembers","3a22343d-e64e-8e2d-a1b6-8682fc2a89c7","ProjectId","3a21bccd-ae34-c69f-a348-d51cef198b33","Missing Projects"
"relationship","AppProjectTasks","3a212d42-eaf5-cab3-ffd6-6550f59fa860","ProjectId","3a212d3d-dafc-0678-ea9c-632e94df7391","Missing Projects"
"relationship","AppProjectTasks","3a212d44-5270-841c-fa5d-4e8859810c70","ProjectId","3a212d43-d5c5-1979-f1a3-c2dc3e266665","Missing Projects"
"relationship","AppProjectTasks","3a212d45-755d-495a-1253-22fc4d382b73","ProjectId","3a212d43-d5c5-1979-f1a3-c2dc3e266665","Missing Projects"
"relationship","AppProjectTasks","3a212d48-9e60-b4bd-0f23-ecf35d531e61","ProjectId","3a212d48-1c01-2688-431b-8fcde04ea4c2","Missing Projects"
"relationship","AppProjectTasks","3a212d4c-e36d-d92a-2153-ba7f72086fa4","ProjectId","3a212d43-d5c5-1979-f1a3-c2dc3e266665","Missing Projects"
"relationship","AppProjectTasks","3a212d4e-14c5-9b07-abe1-0c6ba2f87b6d","ProjectId","3a212d43-d5c5-1979-f1a3-c2dc3e266665","Missing Projects"
"relationship","AppProjectTasks","3a21a2d9-0a84-7700-d587-a704f7e7b009","ProjectId","3a21a2d7-ecd8-9f6a-1cd4-2d0040735f0d","Missing Projects"
"relationship","AppProjectTasks","3a21a2dd-0823-7bad-fd32-32f1c058f410","ProjectId","3a21a2d7-ecd8-9f6a-1cd4-2d0040735f0d","Missing Projects"
"relationship","AppProjectTasks","3a21a385-ed39-627d-a5c0-bad75ff2a9ba","ProjectId","3a21a2d7-ecd8-9f6a-1cd4-2d0040735f0d","Missing Projects"
"relationship","AppProjectTasks","3a21a392-ca83-c355-d096-f02e57a59adb","ProjectId","3a21a2d7-ecd8-9f6a-1cd4-2d0040735f0d","Missing Projects"
"relationship","AppProjectTasks","3a21a3c2-ee15-f08e-3757-cd9682662d2d","ProjectId","3a21a3bf-a2b6-19cf-fa76-eb7d7d6b2d22","Missing Projects"
"relationship","AppProjectTasks","3a21a488-6590-4207-aaaf-ccb2313824e3","ProjectId","3a21a3c9-fdd0-95cc-e537-108b0be70de7","Missing Projects"
"relationship","AppProjectTasks","3a21a772-ee11-36d1-ef97-d78cb4756e5c","ProjectId","3a21a3c9-fdd0-95cc-e537-108b0be70de7","Missing Projects"
"relationship","AppProjectTasks","3a21a831-a7da-8cac-f6b9-5d5432d87ce5","ProjectId","3a21a3c9-fdd0-95cc-e537-108b0be70de7","Missing Projects"
"relationship","AppProjectTasks","3a21a841-7617-9d57-9073-992d06b27ed9","ProjectId","3a21a3c9-fdd0-95cc-e537-108b0be70de7","Missing Projects"
"relationship","AppProjectTasks","3a21a8b1-bc73-6943-4970-d838689704b6","ProjectId","3a21a3c9-fdd0-95cc-e537-108b0be70de7","Missing Projects"
"relationship","AppProjectTasks","3a21a8b9-dbc3-a113-38bc-8b6192a444eb","ProjectId","3a21a3c9-fdd0-95cc-e537-108b0be70de7","Missing Projects"
"relationship","AppProjectTasks","3a21a8c3-618c-8dd6-eb48-de53cfd53596","ProjectId","3a21a3c9-fdd0-95cc-e537-108b0be70de7","Missing Projects"
"relationship","AppProjectTasks","3a21bc9e-3a4c-369d-cdac-ba34e865348c","ProjectId","3a21bccd-ae34-c69f-a348-d51cef198b33","Missing Projects"
"relationship","AppProjectTasks","3a21bca1-9486-8574-7997-bbeaf2ac5a0e","ProjectId","3a21bc99-2b4f-d53d-1293-dd2ed51cdf24","Missing Projects"
"relationship","AppProjectTasks","3a21bcfc-16b2-3e9d-7973-25760a637c1b","ProjectId","3a21bccd-ae34-c69f-a348-d51cef198b33","Missing Projects"
"relationship","AppProjectTasks","3a21bd44-2598-f45b-09a9-a0827356aa46","ProjectId","3a21bccd-ae34-c69f-a348-d51cef198b33","Missing Projects"
"relationship","AppProjectTasks","3a21cc3f-1ed1-7f0b-030f-5fc6765a0cea","ProjectId","3a21bccd-ae34-c69f-a348-d51cef198b33","Missing Projects"
"relationship","AppProjectTasks","3a21cc41-0b1c-4da6-e5a8-9d6a6c27fcce","ProjectId","3a21bccd-ae34-c69f-a348-d51cef198b33","Missing Projects"
"relationship","AppProjectTasks","3a21cc44-67dc-5eac-61cf-e2fd98627392","ProjectId","3a21bccd-ae34-c69f-a348-d51cef198b33","Missing Projects"
"relationship","AppProjectTasks","3a21cc46-c943-519c-5542-e301c8f685d9","ProjectId","3a21bccd-ae34-c69f-a348-d51cef198b33","Missing Projects"
"relationship","AppProjectTasks","3a21dafd-ce38-c240-6ba5-7b55ea9f3ce8","ProjectId","3a21bccd-ae34-c69f-a348-d51cef198b33","Missing Projects"
"relationship","AppProjectTasks","3a21e043-efd7-19f6-2086-e2cf1b3d1eb7","ProjectId","3a21bccd-ae34-c69f-a348-d51cef198b33","Missing Projects"
"relationship","AppProjectTasks","3a21e049-4eba-bc9c-d1fd-533ad1dff9bd","ProjectId","3a21bccd-ae34-c69f-a348-d51cef198b33","Missing Projects"
"relationship","AppProjectTasks","3a21e04a-71dd-b908-1808-5985717bf97c","ProjectId","3a21bccd-ae34-c69f-a348-d51cef198b33","Missing Projects"
"relationship","AppProjectTasks","3a21e04b-6cc7-a680-bf8a-1e77f80ff037","ProjectId","3a21bccd-ae34-c69f-a348-d51cef198b33","Missing Projects"
"relationship","AppProjectTasks","3a21e04c-36ac-8c04-1096-3359f537ebf8","ProjectId","3a21bccd-ae34-c69f-a348-d51cef198b33","Missing Projects"
"relationship","AppProjectTasks","3a21e182-f71c-09b1-b5a3-f399abf53f21","ProjectId","3a21bccd-ae34-c69f-a348-d51cef198b33","Missing Projects"
"relationship","AppProjectTasks","3a21efec-d1b0-7a9f-fe03-5389e1e572ed","ProjectId","3a21bccd-ae34-c69f-a348-d51cef198b33","Missing Projects"
"relationship","AppProjectTasks","3a2200ae-ec4c-de52-e1fd-6768ff02c5be","ProjectId","3a21bccd-ae34-c69f-a348-d51cef198b33","Missing Projects"
"relationship","AppProjectTasks","3a2200b2-0d75-82b6-f441-818f16f8120f","ProjectId","3a21bccd-ae34-c69f-a348-d51cef198b33","Missing Projects"
"relationship","AppProjectTasks","3a2200b6-49c4-ca95-82ca-c868c9a33558","ProjectId","3a21bccd-ae34-c69f-a348-d51cef198b33","Missing Projects"
"relationship","AppProjectTasks","3a2229d9-d803-0e95-e01a-da6ee09a0729","ProjectId","3a21bccd-ae34-c69f-a348-d51cef198b33","Missing Projects"
"relationship","AppProjectTasks","3a2229db-9aca-941f-c8d2-a34e45bb872a","ProjectId","3a21bccd-ae34-c69f-a348-d51cef198b33","Missing Projects"
"relationship","AppProjectTasks","3a222e0d-7665-59b2-8213-081040a67ac6","ProjectId","3a21bccd-ae34-c69f-a348-d51cef198b33","Missing Projects"
"relationship","AppProjectTasks","3a223432-86ca-c519-1e49-15f021a591ad","ProjectId","3a21bccd-ae34-c69f-a348-d51cef198b33","Missing Projects"
"relationship","AppProjectTasks","3a22382d-56cc-5fdf-9d0c-6106837a1574","ProjectId","3a21bccd-ae34-c69f-a348-d51cef198b33","Missing Projects"
"relationship","AppProjectTasks","3a223917-6bcf-5ba3-437b-b37a2c0602cb","ProjectId","3a21bccd-ae34-c69f-a348-d51cef198b33","Missing Projects"
"relationship","AppProjectTaskAssignments","3a212d44-bad1-854f-3d9c-719850811834","ProjectTaskId","3a212d44-5270-841c-fa5d-4e8859810c70","Missing ProjectTasks"
"relationship","AppProjectTaskAssignments","3a212d45-a16d-074a-07a4-965b95cf698d","ProjectTaskId","3a212d45-755d-495a-1253-22fc4d382b73","Missing ProjectTasks"
"relationship","AppProjectTaskAssignments","3a212d48-cfee-e40f-f76e-40c6c9b035c6","ProjectTaskId","3a212d48-9e60-b4bd-0f23-ecf35d531e61","Missing ProjectTasks"
"relationship","AppProjectTaskAssignments","3a212d4e-2649-acd5-64e8-bbf0c015dcf3","ProjectTaskId","3a212d4e-14c5-9b07-abe1-0c6ba2f87b6d","Missing ProjectTasks"
"relationship","AppProjectTaskAssignments","3a21a2d9-7f92-c2b2-d249-494649fbd5b8","ProjectTaskId","3a21a2d9-0a84-7700-d587-a704f7e7b009","Missing ProjectTasks"
"relationship","AppProjectTaskAssignments","3a21a2dd-efb8-5011-ea81-3896f6611760","ProjectTaskId","3a21a2dd-0823-7bad-fd32-32f1c058f410","Missing ProjectTasks"
"relationship","AppProjectTaskAssignments","3a21a2e6-0695-26bd-1b78-20b6c6f641d2","ProjectTaskId","3a21a2dd-0823-7bad-fd32-32f1c058f410","Missing ProjectTasks"
"relationship","AppProjectTaskAssignments","3a21a386-8370-b747-e4f7-aa6fb6e112d3","ProjectTaskId","3a21a385-ed39-627d-a5c0-bad75ff2a9ba","Missing ProjectTasks"
"relationship","AppProjectTaskAssignments","3a21a386-cbd0-695f-4317-6025813efeed","ProjectTaskId","3a21a385-ed39-627d-a5c0-bad75ff2a9ba","Missing ProjectTasks"
"relationship","AppProjectTaskAssignments","3a21a488-784b-e2cb-a0ad-0771316b5ebd","ProjectTaskId","3a21a488-6590-4207-aaaf-ccb2313824e3","Missing ProjectTasks"
"relationship","AppProjectTaskAssignments","3a21a773-0044-1aa3-4e11-ec06b286152b","ProjectTaskId","3a21a772-ee11-36d1-ef97-d78cb4756e5c","Missing ProjectTasks"
"relationship","AppProjectTaskAssignments","3a21a831-ee12-2be6-0823-01d8e4a4ca84","ProjectTaskId","3a21a831-a7da-8cac-f6b9-5d5432d87ce5","Missing ProjectTasks"
"relationship","AppProjectTaskAssignments","3a21a841-8706-c57b-3ae2-9e0e774795a7","ProjectTaskId","3a21a841-7617-9d57-9073-992d06b27ed9","Missing ProjectTasks"
"relationship","AppProjectTaskAssignments","3a21a8b2-0750-5ca2-f2f2-b5327779f303","ProjectTaskId","3a21a8b1-bc73-6943-4970-d838689704b6","Missing ProjectTasks"
"relationship","AppProjectTaskAssignments","3a21a8c3-78c3-b301-0c57-a47b71e37964","ProjectTaskId","3a21a8c3-618c-8dd6-eb48-de53cfd53596","Missing ProjectTasks"
"relationship","AppProjectTaskAssignments","3a21b709-d3d7-feae-d07c-a269c62e2b5f","ProjectTaskId","3a21a8b1-bc73-6943-4970-d838689704b6","Missing ProjectTasks"
"relationship","AppProjectTaskAssignments","3a21bc9e-e6e8-9c80-bc83-fd0bde142cd7","ProjectTaskId","3a21bc9e-3a4c-369d-cdac-ba34e865348c","Missing ProjectTasks"
"relationship","AppProjectTaskAssignments","3a21bca1-a7ab-25f7-3eef-c3bf21fdd38d","ProjectTaskId","3a21bca1-9486-8574-7997-bbeaf2ac5a0e","Missing ProjectTasks"
"relationship","AppProjectTaskAssignments","3a21bd44-d487-f06d-e668-3cb5907853ca","ProjectTaskId","3a21bd44-2598-f45b-09a9-a0827356aa46","Missing ProjectTasks"
"relationship","AppProjectTaskAssignments","3a21e044-10d0-fa65-1b74-b0f2729d5bce","ProjectTaskId","3a21e043-efd7-19f6-2086-e2cf1b3d1eb7","Missing ProjectTasks"
"relationship","AppProjectTaskAssignments","3a21e049-62e0-3f53-74c5-21228a97be8d","ProjectTaskId","3a21e049-4eba-bc9c-d1fd-533ad1dff9bd","Missing ProjectTasks"
"relationship","AppProjectTaskAssignments","3a21e04a-9780-5a72-457d-f65e3d44de74","ProjectTaskId","3a21e04a-71dd-b908-1808-5985717bf97c","Missing ProjectTasks"
"relationship","AppProjectTaskAssignments","3a21e04b-7fe3-1f7e-d660-852cfdfd2581","ProjectTaskId","3a21e04b-6cc7-a680-bf8a-1e77f80ff037","Missing ProjectTasks"
"relationship","AppProjectTaskAssignments","3a21e04c-483c-e5d2-c745-e4dc9e4f7722","ProjectTaskId","3a21e04c-36ac-8c04-1096-3359f537ebf8","Missing ProjectTasks"
"relationship","AppProjectTaskAssignments","3a21efec-f923-3b5c-3f11-546248d325fb","ProjectTaskId","3a21efec-d1b0-7a9f-fe03-5389e1e572ed","Missing ProjectTasks"
"relationship","AppProjectTaskAssignments","3a2200af-39b7-5d9f-b5a7-344caf96492d","ProjectTaskId","3a2200ae-ec4c-de52-e1fd-6768ff02c5be","Missing ProjectTasks"
"relationship","AppProjectTaskAssignments","3a2200b2-32f1-61ea-405a-5eaa2281be26","ProjectTaskId","3a2200b2-0d75-82b6-f441-818f16f8120f","Missing ProjectTasks"
"relationship","AppProjectTaskAssignments","3a2200b2-505b-ad07-ee80-cf57fe0793e6","ProjectTaskId","3a2200b2-0d75-82b6-f441-818f16f8120f","Missing ProjectTasks"
"relationship","AppProjectTaskAssignments","3a2200b6-5cd2-dbf7-d7de-6cde85b3fb96","ProjectTaskId","3a2200b6-49c4-ca95-82ca-c868c9a33558","Missing ProjectTasks"
"relationship","AppProjectTaskAssignments","3a2229db-b333-75b9-84e7-2646388c94a5","ProjectTaskId","3a2229db-9aca-941f-c8d2-a34e45bb872a","Missing ProjectTasks"
"relationship","AppProjectTaskAssignments","3a222e0d-9a71-a74b-3fd6-49c856e3b760","ProjectTaskId","3a222e0d-7665-59b2-8213-081040a67ac6","Missing ProjectTasks"
"relationship","AppProjectTaskAssignments","3a223432-9cce-f6d0-d15b-1a0fbe785881","ProjectTaskId","3a223432-86ca-c519-1e49-15f021a591ad","Missing ProjectTasks"
"relationship","AppProjectTaskAssignments","3a22382d-6a11-6e9d-4892-ba1e74f3100c","ProjectTaskId","3a22382d-56cc-5fdf-9d0c-6106837a1574","Missing ProjectTasks"
"relationship","AppProjectTaskAssignments","3a223917-841e-3947-2ddb-7f17cb4f7f29","ProjectTaskId","3a223917-6bcf-5ba3-437b-b37a2c0602cb","Missing ProjectTasks"
"relationship","AppProjectTaskDocuments","3a212d42-ecb2-470a-c9d3-b56922ce6497","ProjectTaskId","3a212d42-eaf5-cab3-ffd6-6550f59fa860","Missing ProjectTasks"
"relationship","AppProjectTaskDocuments","3a212d44-52ee-5d2b-f678-d7cb990be7d4","ProjectTaskId","3a212d44-5270-841c-fa5d-4e8859810c70","Missing ProjectTasks"
"relationship","AppProjectTaskDocuments","3a212d45-75d1-c169-2786-328df3a4fa6f","ProjectTaskId","3a212d45-755d-495a-1253-22fc4d382b73","Missing ProjectTasks"
"relationship","AppProjectTaskDocuments","3a212d48-9ee0-572e-fc5f-e0cd8d97254f","ProjectTaskId","3a212d48-9e60-b4bd-0f23-ecf35d531e61","Missing ProjectTasks"
"relationship","AppProjectTaskDocuments","3a212d4c-e3ed-0c30-ddd8-23054a018885","ProjectTaskId","3a212d4c-e36d-d92a-2153-ba7f72086fa4","Missing ProjectTasks"
"relationship","AppProjectTaskDocuments","3a212d4e-1542-db13-f342-63ac09160150","ProjectTaskId","3a212d4e-14c5-9b07-abe1-0c6ba2f87b6d","Missing ProjectTasks"
"relationship","AppProjectTaskDocuments","3a21a2d9-0c28-c14f-a481-95405f5c6596","ProjectTaskId","3a21a2d9-0a84-7700-d587-a704f7e7b009","Missing ProjectTasks"
"relationship","AppProjectTaskDocuments","3a21a2dd-0898-c1c1-7237-338eb87f95b8","ProjectTaskId","3a21a2dd-0823-7bad-fd32-32f1c058f410","Missing ProjectTasks"
"relationship","AppProjectTaskDocuments","3a21a385-edbc-5aa9-a15e-85c5b8fcc37e","ProjectTaskId","3a21a385-ed39-627d-a5c0-bad75ff2a9ba","Missing ProjectTasks"
"relationship","AppProjectTaskDocuments","3a21a392-cb2d-ae2c-9e64-f38702d99d11","ProjectTaskId","3a21a392-ca83-c355-d096-f02e57a59adb","Missing ProjectTasks"
"relationship","AppProjectTaskDocuments","3a21a3c2-ee8e-1939-5530-ad2339dd7538","ProjectTaskId","3a21a3c2-ee15-f08e-3757-cd9682662d2d","Missing ProjectTasks"
"relationship","AppProjectTaskDocuments","3a21a488-6708-cf29-5b96-4a89d651463e","ProjectTaskId","3a21a488-6590-4207-aaaf-ccb2313824e3","Missing ProjectTasks"
"relationship","AppProjectTaskDocuments","3a21a772-eebf-16ae-678f-e5789cbac773","ProjectTaskId","3a21a772-ee11-36d1-ef97-d78cb4756e5c","Missing ProjectTasks"
"relationship","AppProjectTaskDocuments","3a21a831-a9e1-1a0e-48e3-afca947c4af5","ProjectTaskId","3a21a831-a7da-8cac-f6b9-5d5432d87ce5","Missing ProjectTasks"
"relationship","AppProjectTaskDocuments","3a21a841-78a6-99a7-ee24-0bac915208c1","ProjectTaskId","3a21a841-7617-9d57-9073-992d06b27ed9","Missing ProjectTasks"
"relationship","AppProjectTaskDocuments","3a21a8b1-bce6-52cc-e29c-95744f67d6ea","ProjectTaskId","3a21a8b1-bc73-6943-4970-d838689704b6","Missing ProjectTasks"
"relationship","AppProjectTaskDocuments","3a21a8b9-dc3f-167e-ad3a-42ee968ccd3a","ProjectTaskId","3a21a8b9-dbc3-a113-38bc-8b6192a444eb","Missing ProjectTasks"
"relationship","AppProjectTaskDocuments","3a21a8c3-61fb-7c15-262a-d9e90b805504","ProjectTaskId","3a21a8c3-618c-8dd6-eb48-de53cfd53596","Missing ProjectTasks"
"relationship","AppProjectTaskDocuments","3a21bc9e-3bca-f13b-a74c-5ddc9d45e8f2","ProjectTaskId","3a21bc9e-3a4c-369d-cdac-ba34e865348c","Missing ProjectTasks"
"relationship","AppProjectTaskDocuments","3a21bca1-9500-66bc-7f75-9ec72fc2f67f","ProjectTaskId","3a21bca1-9486-8574-7997-bbeaf2ac5a0e","Missing ProjectTasks"
"relationship","AppProjectTaskDocuments","3a21bd44-2622-d7aa-982c-891dd2340e1d","ProjectTaskId","3a21bd44-2598-f45b-09a9-a0827356aa46","Missing ProjectTasks"
"relationship","AppProjectTaskDocuments","3a21cc3f-1f73-b10a-d452-fcba2f68ac38","ProjectTaskId","3a21cc3f-1ed1-7f0b-030f-5fc6765a0cea","Missing ProjectTasks"
"relationship","AppProjectTaskDocuments","3a21cc41-0b8e-df1d-3225-5972bb9d89a2","ProjectTaskId","3a21cc41-0b1c-4da6-e5a8-9d6a6c27fcce","Missing ProjectTasks"
"relationship","AppProjectTaskDocuments","3a21cc44-685f-e7cc-af0c-0f87f5ffb04a","ProjectTaskId","3a21cc44-67dc-5eac-61cf-e2fd98627392","Missing ProjectTasks"
"relationship","AppProjectTaskDocuments","3a21dafd-ceba-3cd1-dd6b-5eb04833c783","ProjectTaskId","3a21dafd-ce38-c240-6ba5-7b55ea9f3ce8","Missing ProjectTasks"
"relationship","AppProjectTaskDocuments","3a21e043-f04f-2dab-d520-f81c880f931d","ProjectTaskId","3a21e043-efd7-19f6-2086-e2cf1b3d1eb7","Missing ProjectTasks"
"relationship","AppProjectTaskDocuments","3a21e049-4f2d-962f-2b09-3862837b1dd6","ProjectTaskId","3a21e049-4eba-bc9c-d1fd-533ad1dff9bd","Missing ProjectTasks"
"relationship","AppProjectTaskDocuments","3a21e04a-7261-be0d-ee33-23722f57b634","ProjectTaskId","3a21e04a-71dd-b908-1808-5985717bf97c","Missing ProjectTasks"
"relationship","AppProjectTaskDocuments","3a21e04b-6d6c-15b4-67ef-2e1531797262","ProjectTaskId","3a21e04b-6cc7-a680-bf8a-1e77f80ff037","Missing ProjectTasks"
"relationship","AppProjectTaskDocuments","3a21e04c-3726-e767-0998-f0979455bf64","ProjectTaskId","3a21e04c-36ac-8c04-1096-3359f537ebf8","Missing ProjectTasks"
"relationship","AppProjectTaskDocuments","3a21e182-f79b-80e5-66cc-a18314439fac","ProjectTaskId","3a21e182-f71c-09b1-b5a3-f399abf53f21","Missing ProjectTasks"
"relationship","AppProjectTaskDocuments","3a2200ae-ecd7-fc6d-e8a1-119b228f4da6","ProjectTaskId","3a2200ae-ec4c-de52-e1fd-6768ff02c5be","Missing ProjectTasks"
"relationship","AppProjectTaskDocuments","3a2200b2-0de6-7611-c9af-1cc7f6f992cf","ProjectTaskId","3a2200b2-0d75-82b6-f441-818f16f8120f","Missing ProjectTasks"
"relationship","AppProjectTaskDocuments","3a2200b6-4a37-b606-d343-37225e428d0f","ProjectTaskId","3a2200b6-49c4-ca95-82ca-c868c9a33558","Missing ProjectTasks"
"relationship","AppProjectTaskDocuments","3a2229d9-d91d-6afa-7924-863ed59d55ce","ProjectTaskId","3a2229d9-d803-0e95-e01a-da6ee09a0729","Missing ProjectTasks"
"relationship","AppProjectTaskDocuments","3a2229db-9b52-15f8-2c8d-69d13d49636e","ProjectTaskId","3a2229db-9aca-941f-c8d2-a34e45bb872a","Missing ProjectTasks"
"relationship","AppProjectTaskDocuments","3a222e0d-7880-1892-6e0c-a906769fa887","ProjectTaskId","3a222e0d-7665-59b2-8213-081040a67ac6","Missing ProjectTasks"
"relationship","AppProjectTaskDocuments","3a223917-6c57-65a0-d854-dfa75a0acbb5","ProjectTaskId","3a223917-6bcf-5ba3-437b-b37a2c0602cb","Missing ProjectTasks"
"relationship","AppCalendarEventParticipants","3a212d44-bb09-7daf-f5f8-ce6d3898721f","CalendarEventId","3a212d44-5277-9b59-1dd2-63ac0e977ae2","Missing CalendarEvents"
"relationship","AppCalendarEventParticipants","3a212d45-a183-210d-0089-99a3770b847a","CalendarEventId","3a212d45-7564-da2c-082a-4d57abacd632","Missing CalendarEvents"
"relationship","AppCalendarEventParticipants","3a212d48-d001-b64a-544d-a1e6ad2abe58","CalendarEventId","3a212d48-9e66-4bc2-9adf-03e6008c278c","Missing CalendarEvents"
"relationship","AppCalendarEventParticipants","3a212d4e-265b-bc97-6cdf-246a54a73d18","CalendarEventId","3a212d4e-14cc-a7f5-4dad-970eb50d6ce5","Missing CalendarEvents"
"relationship","AppCalendarEventParticipants","3a2137c7-6312-b10b-6491-ac064b762d7a","CalendarEventId","3a212d48-1c08-eb1b-a666-af10fcc9a113","Missing CalendarEvents"
"relationship","AppCalendarEventParticipants","3a217fc4-3ca6-29cc-a76d-ae6141367af5","CalendarEventId","3a217fc4-16d2-9663-b4fc-c9e77f322cee","Missing CalendarEvents"
"relationship","AppCalendarEventParticipants","3a21a2d5-2c15-2e25-7c72-2c6a9c5ed64d","CalendarEventId","3a21a2d4-7bcc-a226-0815-a4106f0cf232","Missing CalendarEvents"
"relationship","AppCalendarEventParticipants","3a21a2d9-7fcc-c2a9-d5cc-9a4ea2d2d71e","CalendarEventId","3a21a2d9-0aa0-07d4-c31d-0e077f38acce","Missing CalendarEvents"
"relationship","AppCalendarEventParticipants","3a21a2dd-efcb-be52-4b8c-94715f87aac3","CalendarEventId","3a21a2dd-082b-ecb6-68b4-be16b5aa88e5","Missing CalendarEvents"
"relationship","AppCalendarEventParticipants","3a21a2e6-06a8-d33d-5d42-e728b95bd5ca","CalendarEventId","3a21a2dd-082b-ecb6-68b4-be16b5aa88e5","Missing CalendarEvents"
"relationship","AppCalendarEventParticipants","3a21a386-8383-1276-d933-b292fb2144b7","CalendarEventId","3a21a385-ed40-6f0d-e2c7-3c811ba1402c","Missing CalendarEvents"
"relationship","AppCalendarEventParticipants","3a21a386-cbe3-899b-96e1-984fa158092e","CalendarEventId","3a21a385-ed40-6f0d-e2c7-3c811ba1402c","Missing CalendarEvents"
"relationship","AppCalendarEventParticipants","3a21a38d-54d6-6cc2-190a-c1d6dc161cc2","CalendarEventId","3a21a2d7-ecdf-3ef9-a604-fe4468a49cd1","Missing CalendarEvents"
"relationship","AppCalendarEventParticipants","3a21a38d-82b3-39ac-2131-b72ef2587a75","CalendarEventId","3a21a2d7-ecdf-3ef9-a604-fe4468a49cd1","Missing CalendarEvents"
"relationship","AppCalendarEventParticipants","3a21a42a-b4c4-498e-a95e-44111d2f3df1","CalendarEventId","3a21a3c9-fdd7-5ebc-4454-43f9bf141f0d","Missing CalendarEvents"
"relationship","AppCalendarEventParticipants","3a21a488-788d-e6a3-e953-c77fcf287c9e","CalendarEventId","3a21a488-65ad-1d29-48e0-e2114f25508a","Missing CalendarEvents"
"relationship","AppCalendarEventParticipants","3a21a771-54d3-2bbf-540a-b15f446d43de","CalendarEventId","3a21a3c9-fdd7-5ebc-4454-43f9bf141f0d","Missing CalendarEvents"
"relationship","AppCalendarEventParticipants","3a21a773-005b-31d1-769b-d5680454f3c6","CalendarEventId","3a21a772-ee19-2452-8493-14126e6b648d","Missing CalendarEvents"
"relationship","AppCalendarEventParticipants","3a21a831-ee55-7896-6c44-fbd9edce6c69","CalendarEventId","3a21a831-a7f6-025f-b915-6b83c210889a","Missing CalendarEvents"
"relationship","AppCalendarEventParticipants","3a21a841-8747-0ebd-7c54-25b89c8f6606","CalendarEventId","3a21a841-7637-77af-1788-4242939dd2c2","Missing CalendarEvents"
"relationship","AppCalendarEventParticipants","3a21a8b2-0768-ef3e-7fc2-8fcfdc28b8fb","CalendarEventId","3a21a8b1-bc7b-7199-2f84-6428a9ec0933","Missing CalendarEvents"
"relationship","AppCalendarEventParticipants","3a21a8c3-78d8-0c2c-90c9-fa854e529cda","CalendarEventId","3a21a8c3-6194-7ae2-f75c-08981abcefcb","Missing CalendarEvents"
"relationship","AppCalendarEventParticipants","3a21b709-d3ef-1f5b-76f0-b9e051f9283e","CalendarEventId","3a21a8b1-bc7b-7199-2f84-6428a9ec0933","Missing CalendarEvents"
"relationship","AppCalendarEventParticipants","3a21bc99-de23-71a7-0d58-6ca71c615719","CalendarEventId","3a21bc99-2b6a-a245-d08e-8ba53bfee4b4","Missing CalendarEvents"
"relationship","AppCalendarEventParticipants","3a21bc9e-e725-f478-452a-f0805075840d","CalendarEventId","3a21bc9e-3a68-48ca-84d9-07a7c7f20bdb","Missing CalendarEvents"
"relationship","AppCalendarEventParticipants","3a21bca1-a7d1-823a-8ed7-7244b4333cc8","CalendarEventId","3a21bca1-948d-5cb5-92d4-5a124c28d0e0","Missing CalendarEvents"
"relationship","AppCalendarEventParticipants","3a21bd44-d4b1-5e8d-cfec-7b3aabe1aa30","CalendarEventId","3a21bd44-259f-3276-a63b-c15ee971a28f","Missing CalendarEvents"
"relationship","AppCalendarEventParticipants","3a21c195-0b35-2743-fa29-4f563bb6bc28","CalendarEventId","3a21bccd-ae3f-fdc7-c816-a43aa2c60acb","Missing CalendarEvents"
"relationship","AppCalendarEventParticipants","3a21e007-6b95-a3f8-e967-6b274d84d6a2","CalendarEventId","3a21bccd-ae3f-fdc7-c816-a43aa2c60acb","Missing CalendarEvents"
"relationship","AppCalendarEventParticipants","3a21e044-1101-3983-281c-0401a710c531","CalendarEventId","3a21e043-efde-b3ff-9724-33cdb76959be","Missing CalendarEvents"
"relationship","AppCalendarEventParticipants","3a21e049-62f6-857d-a508-08293879afaa","CalendarEventId","3a21e049-4ec0-652f-877b-d7f74dbc5404","Missing CalendarEvents"
"relationship","AppCalendarEventParticipants","3a21e04a-9793-1baf-6afb-625306f1f8e8","CalendarEventId","3a21e04a-71e3-5aed-553f-de24aca64aef","Missing CalendarEvents"
"relationship","AppCalendarEventParticipants","3a21e04b-7ff7-aa9a-a745-18255931f81b","CalendarEventId","3a21e04b-6cce-b65a-5c1d-ef59a8ad12a3","Missing CalendarEvents"
"relationship","AppCalendarEventParticipants","3a21e04c-4854-ee80-cf34-37a95fea49ec","CalendarEventId","3a21e04c-36b8-ac01-79a7-5e4de6497fd2","Missing CalendarEvents"
"relationship","AppCalendarEventParticipants","3a21efec-f947-3551-5b81-3c1abf63b6f2","CalendarEventId","3a21efec-d1b7-95fe-a7b9-e053c55b087e","Missing CalendarEvents"
"relationship","AppCalendarEventParticipants","3a2200af-39cb-1bd8-3769-6049e9aee581","CalendarEventId","3a2200ae-ec53-6875-8b5a-4c67aa207c24","Missing CalendarEvents"
"relationship","AppCalendarEventParticipants","3a2200b2-3306-54b8-85d5-65a341bdacc1","CalendarEventId","3a2200b2-0d7c-4ce9-0e7a-0b5bf9c50381","Missing CalendarEvents"
"relationship","AppCalendarEventParticipants","3a2200b2-506f-c703-896b-f1f1deca3cab","CalendarEventId","3a2200b2-0d7c-4ce9-0e7a-0b5bf9c50381","Missing CalendarEvents"
"relationship","AppCalendarEventParticipants","3a2200b6-5ceb-08d1-93c9-a5cca2a4ee80","CalendarEventId","3a2200b6-49cb-ea62-6aa0-b5df040ce98c","Missing CalendarEvents"
"relationship","AppCalendarEventParticipants","3a2200c5-841f-fcdd-e237-7f32ccf52c6e","CalendarEventId","3a2200c4-3108-4d21-b26a-e87b04de3414","Missing CalendarEvents"
"relationship","AppCalendarEventParticipants","3a22054f-485d-15eb-04d0-8111e335e315","CalendarEventId","3a22054d-fb40-da3c-e643-512ffd80c29d","Missing CalendarEvents"
"relationship","AppCalendarEventParticipants","3a2229db-b363-8834-56d9-ec607406fd28","CalendarEventId","3a2229db-9ad1-5867-b875-7577b80a063f","Missing CalendarEvents"
"relationship","AppCalendarEventParticipants","3a222e0d-9ace-8dce-8958-21dd29bfce94","CalendarEventId","3a222e0d-7675-4366-d867-633e40f8ff64","Missing CalendarEvents"
"relationship","AppCalendarEventParticipants","3a223432-9ce4-473b-abb1-af0f4b1992c3","CalendarEventId","3a223432-86d1-1650-bfec-f6b18abdd46e","Missing CalendarEvents"
"relationship","AppCalendarEventParticipants","3a22382d-6a2a-5430-77f3-86ba01070ead","CalendarEventId","3a22382d-56d4-439c-45cb-e7e4b22686fd","Missing CalendarEvents"
"relationship","AppCalendarEventParticipants","3a223917-8438-0826-4ee7-a076612b8d26","CalendarEventId","3a223917-6bd6-7647-78ea-e369b20b85b1","Missing CalendarEvents"
"relationship","ChatConversationMembers","3a21362c-d243-63b3-8486-cd1a3361912d","ConversationId","3a21362c-d236-9f38-0318-dcc5d64bf597","Missing CollaborationConversations"
"relationship","ChatConversationMembers","3a21362c-d250-6fc2-47ed-167cc713cf5f","ConversationId","3a21362c-d236-9f38-0318-dcc5d64bf597","Missing CollaborationConversations"
"relationship","ChatConversationMembers","3a21e70a-3313-7fe7-5fa3-dc33c011fd7b","ConversationId","3a21e70a-3312-3fb8-9a8c-6d16e294c9ae","Missing CollaborationConversations"
"relationship","ChatConversationMembers","3a21e70a-3313-8fb5-1df9-3cce88fcffd7","ConversationId","3a21e70a-3312-3fb8-9a8c-6d16e294c9ae","Missing CollaborationConversations"
"relationship","ChatConversationMembers","3a2200c7-79d8-2e49-1221-9638f516dcb2","ConversationId","3a2200c7-79d8-52e5-9796-39187cb2df43","Missing CollaborationConversations"
"relationship","ChatConversationMembers","3a2200c7-79d8-c44d-45a6-1899d27eda96","ConversationId","3a2200c7-79d8-52e5-9796-39187cb2df43","Missing CollaborationConversations"
"relationship","ChatConversationMembers","3a2200c8-02cf-2092-5e32-e1cd2ac5dfba","ConversationId","3a2200c8-02ce-6744-193a-669b9f5a5896","Missing CollaborationConversations"
"relationship","ChatConversationMembers","3a2200c8-02cf-53af-62bc-4497360fb742","ConversationId","3a2200c8-02ce-6744-193a-669b9f5a5896","Missing CollaborationConversations"
"relationship","ChatConversationMembers","3a23966a-e912-5ccf-b54b-a4c839fe49fe","ConversationId","3a23966a-e910-e712-fcad-4c962e11ad71","Missing CollaborationConversations"
"relationship","ChatConversationMembers","3a23966a-e931-ea84-3498-59509e7eef19","ConversationId","3a23966a-e910-e712-fcad-4c962e11ad71","Missing CollaborationConversations"
"relationship","ChatConversationMembers","3a23966b-50a6-a769-ae59-618cd2e59e15","ConversationId","3a23966b-50a5-b040-4ffd-e3f625c919f1","Missing CollaborationConversations"
"relationship","ChatConversationMembers","3a23966b-50a6-a921-bb8a-99002a4c166c","ConversationId","3a23966b-50a5-b040-4ffd-e3f625c919f1","Missing CollaborationConversations"
"relationship","ChatConversationMembers","3a239677-2629-2f8b-b408-dfbd40616cf4","ConversationId","3a239677-2629-4eea-6537-e35a84ae2e64","Missing CollaborationConversations"
"relationship","ChatConversationMembers","3a239677-262a-be03-cd48-ac4bf221d819","ConversationId","3a239677-2629-4eea-6537-e35a84ae2e64","Missing CollaborationConversations"
"relationship","ChatConversationMembers","3a2396d3-aec6-b02b-2fe6-562e47dbc88b","ConversationId","3a2396d3-aec6-643f-3403-619b9bb61391","Missing CollaborationConversations"
"relationship","ChatConversationMembers","3a2396d3-aec6-dd2f-67bd-d25034d0b240","ConversationId","3a2396d3-aec6-643f-3403-619b9bb61391","Missing CollaborationConversations"
"relationship","ChatMessages","3a21362c-e184-7a01-17af-0a474ea8f1d7","ConversationId","3a21362c-d236-9f38-0318-dcc5d64bf597","Missing CollaborationConversations"
"relationship","ChatMessages","3a21e70a-46f9-3e50-022b-52ff86070b9e","ConversationId","3a21e70a-3312-3fb8-9a8c-6d16e294c9ae","Missing CollaborationConversations"
"relationship","ChatMessages","3a2200c7-944c-bdf3-ff85-8ed3231107c5","ConversationId","3a2200c7-79d8-52e5-9796-39187cb2df43","Missing CollaborationConversations"
"relationship","ChatMessages","3a237d55-9ed8-1c76-f62e-57f6fc4bd660","ConversationId","3a2200c7-79d8-52e5-9796-39187cb2df43","Missing CollaborationConversations"
"relationship","ChatMessages","3a2395d3-906f-b7aa-c877-7eef7e8decb8","ConversationId","3a2200c7-79d8-52e5-9796-39187cb2df43","Missing CollaborationConversations"
"relationship","ChatMessages","3a239613-6056-0e94-b2c1-4409921e9310","ConversationId","3a2200c7-79d8-52e5-9796-39187cb2df43","Missing CollaborationConversations"
"relationship","ChatMessages","3a239619-8868-9b95-e12d-9f5edacd7c94","ConversationId","3a2200c7-79d8-52e5-9796-39187cb2df43","Missing CollaborationConversations"
"relationship","ChatMessages","3a23961c-66ea-6e26-f4fb-1288960c9959","ConversationId","3a21e70a-3312-3fb8-9a8c-6d16e294c9ae","Missing CollaborationConversations"
"relationship","ChatMessages","3a23966a-f9f9-480a-a7ef-0cd0a39cdcc1","ConversationId","3a23966a-e910-e712-fcad-4c962e11ad71","Missing CollaborationConversations"
"relationship","ChatMessages","3a23966b-6526-12e3-ef6c-c74b0d97b9ff","ConversationId","3a23966b-50a5-b040-4ffd-e3f625c919f1","Missing CollaborationConversations"
"relationship","ChatMessages","3a239677-326c-99d3-1aac-39b46ffd2f56","ConversationId","3a239677-2629-4eea-6537-e35a84ae2e64","Missing CollaborationConversations"
"relationship","ChatMessages","3a2396d3-5f43-fab2-d850-a29b43937733","ConversationId","3a239677-2629-4eea-6537-e35a84ae2e64","Missing CollaborationConversations"
"relationship","ChatMessages","3a2396d3-7a7d-511d-6d06-ffc49734df64","ConversationId","3a23966a-e910-e712-fcad-4c962e11ad71","Missing CollaborationConversations"
"relationship","ChatMessages","3a2396d3-ba57-b4e1-271f-cbb640187db7","ConversationId","3a2396d3-aec6-643f-3403-619b9bb61391","Missing CollaborationConversations"
"legacy-archive","AbpAuditLogExcelFiles","","Identity","0","Stored in legacy_migration.source_rows"
"legacy-archive","AbpBackgroundJobs","","Identity","0","Stored in legacy_migration.source_rows"
"legacy-archive","AbpEventInbox","","Identity","0","Stored in legacy_migration.source_rows"
"legacy-archive","AbpLinkUsers","","Identity","0","Stored in legacy_migration.source_rows"
"legacy-archive","AbpLocalizationResources","","Identity","33","Stored in legacy_migration.source_rows"
"legacy-archive","AbpLocalizationTexts","","Identity","55","Stored in legacy_migration.source_rows"
"legacy-archive","AbpOrganizationUnits_Backup","","Identity","55","Stored in legacy_migration.source_rows"
"legacy-archive","AbpOrganizationUnits_Backup_20260601","","Identity","56","Stored in legacy_migration.source_rows"
"legacy-archive","AbpTextTemplateContents","","Identity","0","Stored in legacy_migration.source_rows"
"legacy-archive","AbpTextTemplateDefinitionContentRecords","","Identity","10","Stored in legacy_migration.source_rows"
"legacy-archive","AbpTextTemplateDefinitionRecords","","Identity","10","Stored in legacy_migration.source_rows"
"legacy-archive","AbpUserDelegations","","Identity","0","Stored in legacy_migration.source_rows"
"legacy-archive","AbpUserLogins","","Identity","0","Stored in legacy_migration.source_rows"
"legacy-archive","AbpUserTokens","","Identity","0","Stored in legacy_migration.source_rows"
"legacy-archive","AbpUsers_Backup_BeforeSwapNameSurname","","Identity","942","Stored in legacy_migration.source_rows"
"legacy-archive","AppBooks","","Identity","2","Stored in legacy_migration.source_rows"
"legacy-archive","AppDocumentBackgroundOperations","","Document","0","Stored in legacy_migration.source_rows"
"legacy-archive","AppDocumentWorkflowInstanceExtensions","","Document","0","Stored in legacy_migration.source_rows"
"legacy-archive","AppDocumentWorkflowInstanceFiles","","Document","23","Stored in legacy_migration.source_rows"
"legacy-archive","AppDocumentWorkflowInstanceLogss","","Document","47","Stored in legacy_migration.source_rows"
"legacy-archive","AppNotificationOutboxes","","Collaboration","0","Stored in legacy_migration.source_rows"
"legacy-archive","AppWorkflowStepAssignments","","Document","88","Stored in legacy_migration.source_rows"
"legacy-archive","AppWorkflows","","Document","30","Stored in legacy_migration.source_rows"
"legacy-archive","ChatUsers","","Collaboration","109","Stored in legacy_migration.source_rows"
"legacy-archive","FmDirectoryDescriptors","","Identity","1","Stored in legacy_migration.source_rows"
"legacy-archive","FmFileDescriptors","","Identity","2","Stored in legacy_migration.source_rows"
"legacy-archive","FrmAnswers","","Identity","3","Stored in legacy_migration.source_rows"
"legacy-archive","FrmChoices","","Identity","2","Stored in legacy_migration.source_rows"
"legacy-archive","FrmFormResponses","","Identity","1","Stored in legacy_migration.source_rows"
"legacy-archive","FrmForms","","Identity","2","Stored in legacy_migration.source_rows"
"legacy-archive","FrmQuestions","","Identity","4","Stored in legacy_migration.source_rows"
"legacy-archive","GdprInfo","","Identity","1","Stored in legacy_migration.source_rows"
"legacy-archive","GdprRequests","","Identity","1","Stored in legacy_migration.source_rows"
"legacy-archive","OpenIddictApplications","","Identity","6","Stored in legacy_migration.source_rows"
"legacy-archive","OpenIddictAuthorizations","","Identity","19","Stored in legacy_migration.source_rows"
"legacy-archive","OpenIddictScopes","","Identity","1","Stored in legacy_migration.source_rows"
"legacy-archive","OpenIddictTokens","","Identity","151","Stored in legacy_migration.source_rows"
"legacy-archive","SaasEditions","","Identity","1","Stored in legacy_migration.source_rows"
"legacy-archive","SaasTenantConnectionStrings","","Identity","0","Stored in legacy_migration.source_rows"
"legacy-archive","SaasTenants","","Identity","3","Stored in legacy_migration.source_rows"
"legacy-archive","__EFMigrationsHistory","","Identity","122","Stored in legacy_migration.source_rows"
